:020000041000EA
:1090000000200420F7900010C3900010C5900010BD
:10901000C1900010C1900010C1900010C1900010CC
:10902000C1900010C1900010C1900010C7900010B6
:10903000C1900010C1900010C9900010CB9000109A
:10904000CD900010CD900010CD900010CD9000106C
:10905000CD900010CD900010CD900010CD9000105C
:10906000CD900010CD900010CD900010CD9000104C
:10907000CD900010CD900010CD900010CD9000103C
:10908000CD900010CD900010CD900010CD9000102C
:10909000CD900010CD900010CD900010CD9000101C
:1090A000CD900010CD900010CD900010CD9000100C
:1090B000CD900010CD900010CD900010CD900010FC
:1090C00000BE00BE00BE00BE00BE00BEEFF30580C5
:1090D000103800BEF2EB8871082B0110282B01100C
:1090E0003891001090A31AE71E481F49086006C86F
:1090F00081F3088810471D480068002801D01948EE
:10910000F3E70DA40ECC002902D000F012F8F9E725
:109110001749184A002000E001C19142FCD11649CC
:109120008847164988471649884700BEFDE701C9A8
:1091300001C29A42FBD37047282B0110C0000020C7
:10914000041200206C3C01100000042000000420E8
:109150006C3C0110001004200010042000000000EE
:10916000704700000000000008ED00E0000000D0A3
:1091700008120020CC360020C9CE0010791D011045
:10918000C1CE0010F8B5C04606480749091A8B1031
:10919000C90FC91810B5491003D0044B002B00D0DB
:1091A000984710BD041200200412002000000000A7
:1091B000054B10B5002B03D00449054800E000BF63
:1091C000FFF7E2FF10BDC046000000001C2C00208D
:1091D0005822011010B5002000F0E8F8D023012239
:1091E0001B069A6201210022002000F0CBF810BD7E
:1091F000F8B53A4C3A4B61685A6A206891421ED8D9
:109200009B6A834258D301F04DF80023354A8018F9
:1092100059410B008021020009068B4202D3012232
:10922000314B52420CC4D0231B065A68012313420F
:1092300045D12E490A68092A4DDC01320A602C4CBE
:10924000274B61685A6A2068914226D89B6A8342FC
:1092500024D30121274A13784B40137026D0D02302
:1092600080221B0692045A61234B1D6801F01AF8F4
:10927000FA2206000F00002392002800002102F0CD
:109280007FF9801979410B008021020009068B4289
:1092900002D30122144B52420CC4F8BD9142FCD0BF
:1092A0000121144A13784B401370D8D1D023802267
:1092B0001B0692049A61D7E79142A4D1BFE70B4AFB
:1092C00013681900093102DB013B1360B7E7002284
:1092D0000A4B1A70B3E7094A1370B0E7081200206E
:1092E0000040054010270000FFFFFF7FAC15002065
:1092F00010120020B1360020D8100020B636002011
:1093000010B506F03BFC012808D0022800D010BDA3
:10931000064B0748197807F0B3FEF8E706F02EFC75
:109320008300044A1B185B001360F0E7B636002088
:1093300058220110D810002010B50378452B00D01A
:1093400010BD411C014807F09BFEF9E760220110A7
:10935000094A83009A1810B514684022544080329C
:109360002240064CC000A44663441A60044B9C464D
:109370006044416010BDC04604C0014004D00140BB
:1093800000400140074B8000C3181B68C9009200D1
:109390000A435A400C231340034A94466044036036
:1093A0007047C04604C0014004D001400123D022D0
:1093B0008340120693629361094A83009A181168E8
:1093C0004022514080320A400649C0008C46634426
:1093D0001A60054B9C460523604443607047C046B5
:1093E00004C0014004D00140004001408023DB055F
:1093F0001868000F7047C0460FB400B5084883B026
:1094000003F030FF049B002B07D005A91800019141
:1094100003F03CFD034803F025FF012003F04EFD5F
:109420006822011078220110EFF3108072B6034A0F
:109430001368002BFCD0BFF35F8F70472C0100D066
:10944000BFF35F8F0022024B1A6080F310887047D1
:109450002C0100D070B5EFF3108C72B60D4D2B6857
:10946000002BFCD0BFF35F8F0724CB08C618C05C6D
:1094700001230C40A3401C000440034207D11843C1
:109480003070BFF35F8F2C608CF3108870BD1000BC
:10949000FFF7B2FF2C0100D0F8B54746CE4688460C
:1094A00080B5EFF3108C72B6214D2C68002CFCD0E7
:1094B000BFF35F8F9A422CD8D4080727055D0619A1
:1094C00001241740BC402C421FD0072101278946A8
:1094D00009E0D408055D06194C4639001440A14046
:1094E0000C00294211D001329342F2D201204042B5
:1094F000BFF35F8F00220E4B1A608CF31088002898
:109500000FDBC0BCB946B046F8BD2543100035702E
:10951000EEE7BFF35F8F00232B608CF310880120F0
:1095200040424346002BECD00898FFF765FFC04649
:109530002C0100D0044A1078431CDBB2172B00D951
:10954000102313707047C046DC10002010B5064B86
:10955000064C82B00100009318221F232000FFF761
:109560009BFF02B010BDC0467C220110741C00207D
:109570000021044B044ABFF35F8F02C39342FAD128
:109580007047C046000100D0800100D0054B064A5C
:109590001360064A136053609360D3601361536194
:1095A000936170478080808000E400E004E400E084
:1095B0001F2318401E3B8340002905D0C021044AC8
:1095C0004900535013607047802201498B50FAE7DD
:1095D00000E100E001228240034B1B6813405A1E49
:1095E0009341D8B27047C04600E100E001238340B8
:1095F000014A13607047C04600E200E0064B10309D
:109600009B688000C358054A00209B1A2F229A426B
:109610004041C0B27047C04600ED00E0E0100020BD
:1096200070B50D00EFF3108672B60F4A1368002B69
:10963000FCD0BFF35F8F0D4B10309B6884001B592B
:109640000B4A934203D09D4201D001F071F8074BC1
:109650009B681D51BFF35F8FBFF35F8F0022024BEA
:109660001A6086F3108870BD240100D000ED00E080
:10967000CD900010EFF3108172B60E4B1A68002ADD
:10968000FCD0BFF35F8F0C4A103092688000805886
:10969000BFF35F8F00221A6081F31088074B984256
:1096A00006D02F23064A821A93429B4118407047E6
:1096B0000020FCE7240100D000ED00E0CD90001078
:1096C000E0100020F0B557464E46DE464546E0B570
:1096D00085B0060000911700EFF3108B72B66A4A4E
:1096E0001368002BFCD0BFF35F8F0025674B5D57DD
:1096F0009A46002D00DAA9E06B00654C01935B19D6
:109700009B009846A146C1444B4652469B79103671
:109710001370604BB6009B6899590B1B2F2B33D9E4
:109720005D4B994200D0ACE0019B42469C465B4BAE
:109730006544AD0063535A4B0232A218043B9B1A96
:109740001B05584A5B0D651913436B80564B01216D
:10975000AB80FF23AB71009BEF71AB604B460B43BB
:1097600019004C4B9B689951BFF35F8FBFF35F8F1C
:109770000022454B1A608BF3108805B0F0BCBB4645
:10978000B246A946A046F0BD01200A008243D37923
:109790008C46BB4231D84546130044491B1B5B41F4
:1097A0005943090D3D4B63533D4B02356519043B4D
:1097B0005B1B1B053B4D5B0D2B43AA464D466B8047
:1097C0000425AC465546E044131F44441B1B1B05AF
:1097D0005B0D1D434B46997100999D8099604946E8
:1097E000DF71334B01431360BBE75800C0188000A2
:1097F0002018C179B9422FD902000623D356002B75
:10980000F3DA02932B4B61460393131D9A4604230C
:109810005B429C46E14450464B461B1A1B055B0DC0
:109820009C46204B9571984663464046034393807F
:10983000019B5A199200039BA418A380029B1C4A07
:10984000A371009B2260E771A3608AE700F070FFBC
:10985000002553465D574FE7908802934005131D3E
:109860009A46031561469C464046D44463460430FC
:109870002018181AE0230005400D1B02184303901E
:10988000C5E700F055FF4FE7240100D0B9360020AE
:10989000E010002000ED00E0CD90001000A1FFFFDF
:1098A0001011002000E0FFFF01BDFFFFAAAA000089
:1098B0000148804701BD000070B501240443EFF367
:1098C0000581EFF3108C72B6214A1368002BFCD08F
:1098D000BFF35F8F1F4B05001F4AED1A6D416A43AE
:1098E000120D1E4D8900AE6852B27658A6421CD0A9
:1098F0000621595691421CD012215956914222D02C
:109900001E215956914220D02A21595603249142B2
:1099100010D0134B19781A708171BFF35F8F00223A
:109920000B4B1A608CF3108870BDAB680D4C5C500B
:10993000EFE700246100091989005B18FF21997184
:1099400009499980E5E70124F4E70224F2E7C046DB
:10995000240100D0E0100020AAAA000000ED00E0E1
:10996000B9360020CD90001001BDFFFF10B5084BA7
:10997000084C82B001000093002205232000FFF76D
:109980008BFD002801DB1F23181A02B010BDC04652
:1099900098220110CA360020024B9C46614489007F
:1099A000016070474000003470B5114C114DAC425D
:1099B0000FD2FF262368002B0CD0FFF7BBFD010060
:1099C0002000FFF7E9FFA680BFF35F8F0834AC42A9
:1099D000F0D370BDFFF7AEFD01002000FFF7DCFF04
:1099E0002671BFF35F8F0834AC42E3D3F1E7C04682
:1099F000AC110020BC11002010B50400FFF79AFD47
:109A000001002000FFF7C8FFFF232371BFF35F8F22
:109A100010BDC04610B504000120FFF797FD034BB1
:109A2000C3189B002360BFF35F8F10BD400000345C
:109A3000034B9C46614489000160BFF35F8F704710
:109A4000400000340A4B1968EFF3108072B60A68C0
:109A5000002AFCD0BFF35F8F1B68BFF35F8F00222B
:109A60001A6080F3108840BF002000217047C04674
:109A7000782E0020F0B5DE4657464E464546E0B506
:109A800083B0EFF3058203231340B54A990052587F
:109A90000091904601229A409346B24B1A60B24B15
:109AA00001935B46B1484363434608229B5E994657
:109AB000002B3ADA43469B881BB2002B00DB9DE06B
:109AC00043469B79002B00D0E1E0434608241C5F0D
:109AD000002C20DB43465A6963001B19DB00D318B6
:109AE0009D68DC686B1C00D103E1A04800998446A6
:109AF0006144826A0B69AE1A9B1A9E4213D35A467E
:109B0000036A1A420FD0994800F0C4FB8C4202DC71
:109B1000C7D18542C5D940BF03B0F0BCBB46B246F1
:109B2000A946A046F0BD0D61EDE7424652695B00D3
:109B300092464B44DB009A4453469E68DF6800F02F
:109B4000A9FB8F42B6DC00D1F8E0002F00DAD9E0A3
:109B50005246534654691B69019A934200D1CCE0A6
:109B6000414652460820085E5288000421001043F6
:109B7000984704000D0023002B4300D1C2E0002DC4
:109B800000DBDFE030003900001BA941534698603C
:109B9000D96000229A5E002A00DA8BE743465D69AD
:109BA00053009C18E4002C19A768E4688C4200DD7F
:109BB00080E702D1874200D97CE7464632810836E9
:109BC0000DE08C4200D1C6E01E000023F25E002AA8
:109BD0000ADB53009C18E4002C19A768E4689B1862
:109BE000DB00EB188C42ECDD53461A804B46338089
:109BF00043469B881BB2002B00DA61E743461A6993
:109C0000EFF3108172B61368002BFCD0BFF35F8FA7
:109C100043469E88012342465B42938036B21369D5
:109C2000BFF35F8F00221A6081F31088002E00DAE4
:109C300046E743465D69083342469C467700BF19B4
:109C4000FF00EF19BB68604698460823D15E924634
:109C5000FC68002907DA0EE0A24246D01800002373
:109C6000C15E002906DB4B005B18DB00EB18DA68ED
:109C7000A242F1DD524606800023FE5E3980002EAE
:109C8000DCDA904643469B79002B00D11DE7002388
:109C900042469371434646460821595E08364B1C9E
:109CA00000D138E747468946556902E006004B1C5B
:109CB00018D04B005B18DB00E8180A008C46E95E00
:109CC00043881BB2002BF1DA01235B42DC1783606F
:109CD000C4604A4503D031803B8903803A81E14624
:109CE0004B1CE6D1B8464C46F2E69A684245B5D9D7
:109CF000C0E7631C00D0F8E605E720002369984719
:109D0000002825D1534642461B8813811269EFF380
:109D1000108372B611680029FCD0BFF35F8F4246F2
:109D2000514652880A804246494651801269BFF323
:109D30005F8F0021116083F31088BBE6864200D854
:109D400003E7B7E6094800F0A5FA001969411DE7E5
:109D5000656824680FE7874200D835E744E7C046C6
:109D6000482C00203C700540759A001000400540CA
:109D700070B52E4C2569002D04D00A212C48FFF720
:109D80000BFE70BD2B4E0321300000F079FAE66027
:109D9000FFF7D0FB284B03229C46D02322701B06E2
:109DA0001B6801216370254B6044A3600F23800072
:109DB00020610220638063694942A18019800231D9
:109DC000198647311D83585218315A5275325C3901
:109DD0009952183201319952183201319952183280
:109DE00001319952083518329D5202311832995278
:109DF0001832013199521832013199521832013119
:109E000099521832013199521832013199520C4B42
:109E10000C49DC6001303562FFF702FC01210320B0
:109E2000FFF7C6FB084B1D60A7E7C04628110020BE
:109E3000782E00200040054040000034FFFF100055
:109E4000482C0020759A0010386005400048704783
:109E500028110020F8B51F0008AB1B78040016007D
:109E6000002B08D100F01EFA32003B00121A8B4181
:109E7000002B00DA53E02269EFF3108072B613680A
:109E8000002BFCD0BFF35F8F0223E15E63694A00C1
:109E90005218D2009B18002937DB1A886280226989
:109EA000BFF35F8F0025156080F31088069A9E60CF
:109EB000DF601A61079A5A615A8801325204520CC3
:109EC000101C002A1FD082B2588008041043266953
:109ED000EFF3108772B63268002AFCD0BFF35F8FB1
:109EE000A2881A80A1802369BFF35F8F00221A60C5
:109EF00087F310880B4923788C4601329A40E36837
:109F000063441A60F8BD0120DDE72369BFF35F8F6A
:109F100000221A6080F3108801204042F2E70020FE
:109F2000F0E7C0463C20000070B501000469EFF383
:109F3000108C72B620680028FCD0BFF35F8F02201F
:109F40000D5E4C6968004019C0002418002D37DBF5
:109F5000208848800869BFF35F8F002606608CF375
:109F60001088E36063880498013320615B040598DE
:109F70005B0CA26060611A1C002B1FD093B22804F6
:109F8000628018430A69EFF3108C72B61368002BD5
:109F9000FCD0BFF35F8F8B8823808D800B69BFF36C
:109FA0005F8F00221A608CF310880B7801329A4080
:109FB000CB6808498C4663441A6070BD0122DDE716
:109FC0000B69BFF35F8F00221A608CF310880120A9
:109FD0004042F2E73C20000010B543890A14934246
:109FE0001ADD53009B184269DB00D3180469EFF3B4
:109FF000108C72B62268002AFCD0BFF35F8F5A889B
:10A00000090494B2090C8A4208D00369BFF35F8F38
:10A0100000221A608CF31088002010BD80221202EA
:10A0200014435C80012302698371BFF35F8F0021B9
:10A0300011608CF31088044902788C469340C26802
:10A04000012062441360E8E73C200000407870473C
:10A05000F0B504000D0006267642F717C6463619FD
:10A060006F4100B582B08F4214D811D000F01AF9B8
:10A0700032003B00121A8B41002B17DC002B47D01B
:10A080002000290000F04CF902B080BCB846F0BDB9
:10A090008642EBD90022002316001F0000F002F9CF
:10A0A00032003B00121A8B41002BE7DD00F0FAF87A
:10A0B00032003B00121A8B41002B0ADB0023019374
:10A0C000154B3200009315483B00FFF72DFF002889
:10A0D000D6DB00239C46B046114A124E736A9F425B
:10A0E00004D8B16A8845CBD99F42C9D11168EFF332
:10A0F000108072B60B68002BFCD0BFF35F8F136823
:10A10000BFF35F8F6146196080F3108820BFE5E7D9
:10A11000002AB5D0CAE7C046459A00102811002091
:10A12000782E00200040054070B504000D0000F0BE
:10A13000B9F88023001969411B06994202D3012016
:10A1400002494042FFF784FF70BDC046FFFFFF7F1A
:10A1500070B5060000F0A6F8FA2204000D000023F6
:10A1600030000021920001F00BFA802300196941B0
:10A170001B06994202D3012002494042FFF768FFC3
:10A1800070BDC046FFFFFF7FF0B5D6464F4646463E
:10A19000C0B504000D0082B0EFF305878946002F9B
:10A1A0000ED0344900204B6AAB4203D38A6A013097
:10A1B000A24226D302B0E0BCBA46B146A846F0BDE2
:10A1C0002D4B9846DB689A46434650461E7800F071
:10A1D00061F80B00514602000436B60071582000A9
:10A1E0008E1A2900801A99418F4211DC0ED020BFAF
:10A1F000204A0020536A4B45DCD3926A0130A242C8
:10A20000D8D25B1B5A1E9341D8B2D3E78642EED90F
:10A2100000F048F822002B00121A8B41002B1ADBA9
:10A2200000230193154B2200009340462B00FFF7BB
:10A230007BFE011E0FDD0F4B5A6A4A4517D39B6AFE
:10A24000A34212D34046FFF7C7FE0A4A0020536AD2
:10A250004B45AFD3D1E7074A0020536A4B45A9D3FA
:10A26000926A0120A242A5D2CBE74A45EAD120BF9B
:10A27000E8E7C0460040054028110020459A00103C
:10A2800010B5024A0248FFF7E5F810BDB4220110EC
:10A29000781C00200300416A0A00986A596A8A42C1
:10A2A000FAD17047034B596A0A00986A596A914279
:10A2B000FAD170470040054070B504000D00174A00
:10A2C000536A1900966A536A8B42FAD1300019001A
:10A2D00024184D41AB4216D813D0104A2B00526AB5
:10A2E000954203D90D494A6A9A42FCD39A4207D152
:10A2F0000A4A02E0516A994202D1916AA142F9D315
:10A3000070BDA642E9D9054B5B6A1C005A1CEFD010
:10A31000012301246442E5175B42E3E70040054066
:10A32000064A536A9942FCD807D1044B02E05A6AA4
:10A33000914202D19A6A8242F9D3704700400540A7
:10A34000F8B5DE464E4657464546E0B58B46050015
:10A350000A991800160000F0F7FA0A9B6C001F0219
:10A36000324B64199C46A4006444636881469F4252
:10A3700000D967602B1FDBB29846012B30D9C02370
:10A3800080229B01E31812011A60294BAD00595934
:10A390009A4600291BD17301E026226853401E40D3
:10A3A000802342465B01E3181E60012A30D98023D6
:10A3B00080229B01E31812011A6053464A466760E7
:10A3C0005A51F0BCBB46B246A946A046F8BD5869F2
:10A3D00000F0BAFA013043001B18033BFDD2DAE764
:10A3E0005B46012BCBD1C02303229B01E3181A60EB
:10A3F000023AA3681A42FCD07301E0262268AD003D
:10A4000053401E4080230A4A5B019246E3181E60B7
:10A410005A462168514003220A401A6001225B46D5
:10A420009A40A3681A42FCD0C1E7C04600800040B1
:10A43000801C0020F0B546464F46D646C0B51F00EA
:10A44000344B44009C462418A40064446368884646
:10A450001600FF2B02D880235B006360031FDBB272
:10A460009A46012B30D9C02380229B01E3181201A8
:10A470001A60294B85005959994600291BD173014F
:10A48000E026226853401E40802352465B01E318B9
:10A490001E60012A30D9802380229B01E31812011B
:10A4A0001A6080235B0063604B465F51E0BCBA4694
:10A4B000B146A846F0BD586900F046FA01304300A5
:10A4C0001B18033BFDD2DAE74346012BCBD1C02357
:10A4D00003229B01E3181A60023AA3681A42FCD0D7
:10A4E0007301E0262268850053401E4080230A4AFB
:10A4F0005B019146E3181E604246216851400322E9
:10A500000A401A60012342469340A2681342FCD0DD
:10A51000C1E7C04600800040801C0020014B800045
:10A52000C0587047801C0020F8B5040021481E0068
:10A5300017000D0000F008FA0100380000F004FADE
:10A54000069B36041B031E432368002B20DB1A4B9B
:10A550001A49E3185A1E93418022920194465B42A5
:10A560001B0B174A1B0363441360164A13601F003A
:10A570000A689743FBD1144B2560E2182123A060A1
:10A5800013602368002BFCDA0823E6601360F8BD33
:10A590003F2322681340AB42D9D1A3681B051B0D92
:10A5A0008342D4D1EE22E368D2021340B342CED12B
:10A5B000EDE7C046001BB7000040FDBF08C00040EB
:10A5C00000E0004000F000400430000010B580249E
:10A5D0001C4BE4051C6000281AD001231A4C1843B8
:10A5E0001A4BDC611A4C44401C625962986280210B
:10A5F000144BC9051960174817490860E021C904C0
:10A600001960002A07D18022144B12061A6010BD6F
:10A610000E4BD861EBE753019B1A9B009A188023DD
:10A6200012015B049A4209D213000D490B60074BDB
:10A630005A608022094BD2051A60E8E7094B1A00DC
:10A64000F3E7C04600B00540D3C007B00080054026
:10A650002D3FF84FFCFF01000820014000A00540FD
:10A66000042C0020FFFFFF008023024A9B000B43C5
:10A67000D362704700800540142310B5010018888C
:10A6800004331B88984710BD162310B501001888A5
:10A6900002331B88984710BDF8B54746CE4680B5B3
:10A6A0000F1E19D0142399460433040000250126F7
:10A6B00098464B461888434621681B88984701C432
:10A6C000431E9841013540420640AF42F1D130006F
:10A6D000C0BCB946B046F8BD0126F8E7142370B5F2
:10A6E0000400188804331B880D00054998470300AF
:10A6F0000020002C01DB0130A04029009847C04613
:10A7000055420000AA23064A1B0113608D235B00FB
:10A71000D3600449044B19605368002BFCDA70477E
:10A720000040024000B0FA00006002407047C0469E
:10A7300010B50148FEF760FED822011070B5074D34
:10A74000074EB54209D20024013E761BB60808CD5B
:10A75000984723000134B342F9D170BDBC110020E9
:10A76000F8110020054B064A06491A60064A074BB5
:10A770001A6010000B689843FBD1704700E000405E
:10A78000BFCDFBFE08C00040FE7F3C0000F0004053
:10A79000044BDB6C002B03D18022034BD2021A60E6
:10A7A0007047C046000011504C201150044A054B20
:10A7B0001A60054A1368DB018033FBD17047C0463D
:10A7C000FFFFFF0100F0004008C000404022034BA3
:10A7D0009A675A671A67DA667047C04600F0014008
:10A7E00010B5FEF7C5FE10BD70B5044D044CA96848
:10A7F000C022200000F086FFAC6070BD00ED00E0DC
:10A8000000000020002310B5294C82B0A367FFF799
:10A8100079FF0122274B1A60636C012BFCD10322C4
:10A82000254B1A60224A936B012BFCD10133009314
:10A830000121224A22480433FFF776FE0523012135
:10A840000093204A2048FFF76FFE002202210420D7
:10A850001E4BFFF7EFFD0022012105201C4BFFF7E7
:10A86000E9FD0022002107201A4BFFF7E3FD00223B
:10A8700000210820174BFFF7DDFD8023DB0000934C
:10A88000002200210920134BFFF75AFD0022104B34
:10A8900000210620FFF7CEFD0420FFF73FFE0E4902
:10A8A00000F052F801000020FFF7DEFE02B010BDFC
:10A8B000008000403CB0004030B00040002F68599C
:10A8C00000800240008C864700C00240001BB70099
:10A8D00040597307006CDC0240420F00014804211C
:10A8E000014B18474011002099A60010014B9B68AE
:10A8F0001847000040110020124A936F9B0815D2A0
:10A900009066D166002905D0FFE7FFE7FFE7516FAA
:10A91000106F704704B580210906C2175140002806
:10A9200000D0C84307F040FC002104BDF0B5146E10
:10A93000556E576F166FFFF7E3FF1466556657673E
:10A940001667F0BD000000D0114A936F9B0813D228
:10A9500010665166002905D0FFE7FFE7FFE7516F5A
:10A96000106F704704B5002801D00020C04307F0E5
:10A970001BFC002104BDC046F0B5146E556E576F28
:10A98000166FFFF7E5FF1466556657671667F0BD4B
:10A99000000000D094464A4A926F9208624601D263
:10A9A00028E0C046F0B5464E346E756E776F366F50
:10A9B00000F020F89446424A1466556657671667B9
:10A9C0006246F0BD94463E4A926F9208624601D2BA
:10A9D00054E0C046F0B53A4E346E756E776F366F00
:10A9E00000F04CF89446364A146655665767166769
:10A9F0006246F0BD002B24DB11D000293EDA00B501
:10AA0000C943404200D1013100F038F8C943404207
:10AA100000D10131DB43524200D1013300BD002A95
:10AA2000EBD1002801D1002905D00020C90FC907AA
:10AA300001D1C043410800B507F0A6FB0022002366
:10AA400000BD00B500290ADBDB43524200D10133CF
:10AA500000F014F8C943404200D1013100BDC943A0
:10AA6000404200D10131DB43524200D1013300F0BA
:10AA700005F8DB43524200D1013300BD002923D148
:10AA8000002B18D1002A0CD0BC460D4F38667A66D0
:10AA900000210023FFE7FFE7FFE77A6F386F674683
:10AAA0007047002801D00748010000B507F06CFB93
:10AAB0000022002300BD02000B000020002170478F
:10AAC000000000D0FFFFFFFF002B00D0BFE0130C01
:10AAD00028D1002AE7D080B4114F39667A66FFE7A3
:10AAE000FFE730B4040C7B6F396F1B0423433B66D4
:10AAF0007A66FFE7FFE7FFE7C04684B27B6F3D6FF2
:10AB00001B0423433B667A66FFE7FFE7C04600234A
:10AB10002C042D0C7A6F386F00196941B0BC704756
:10AB2000000000D0F0B594460025140E01D11202A9
:10AB30000835140F01D112010435940F01D1920090
:10AB40000235D40F01D152000135D40B0134254F09
:10AB50007C66254C3C660E0C93B2FFE7FFE7FFE7EF
:10AB60003C6F6643360C7703BE467343DF0B5B04D2
:10AB7000C01AB941130C7343DB18C91ACE086643D7
:10AB8000360CB64493B273431F0F1B01C01AB94170
:10AB9000130C73431F0B1B05C01AB941860D8F029E
:10ABA0003E436643360C092D24DB520A7243801A59
:10ABB0007703460A6643360C16235B1BDE40DF40F4
:10ABC000BF1964466643821B704604350633010094
:10ABD000D940A840C01900D30131A24206D20023B7
:10ABE000F0BD0000000000D0FFFFFFFF121B01308E
:10ABF000F3D3F1E709277F1BFE406446A2B27243FC
:10AC0000801A00D20139220C7243130C1204821AEA
:10AC100099410B007046043513370100F940A840F4
:10AC2000801900D30131002B02D1A2420AD2F0BD1B
:10AC3000013000D30131121BFAD2013BF8D1A242FC
:10AC400000D2F0BD013000D30131121BF7E7F0B59F
:10AC50001C0C00D080E00CB400251C0A04D11B029F
:10AC6000160E3343120208351C0B04D11B01160FBC
:10AC70003343120104359C0B04D19B00960F3343E0
:10AC800092000235DC0B02D192185B4101351C00A9
:10AC9000971864410134464F7C66464C3C660E0C66
:10ACA000FFE7FFE7FFE7C0463C6F6643360C7703DC
:10ACB000BE4697B27743C01B00D20139C01B00D2F9
:10ACC00001399FB27743C91BC91B170C77437E0418
:10ACD000FF0B801BB941CE086643360C0C2D33DBCD
:10ACE000B644120B1F053A431B0B97B27743C01BA8
:10ACF00000D201399FB27743C91B170C77433E043A
:10AD00003F0C801BB941860D8F023E4366432927C5
:10AD10007F1BFE400C3D7746AF40BF1930BCA2B24E
:10AD2000ABB272437343801A9941220C7243130CE5
:10AD30001204801A994102000B000137001BA9413F
:10AD4000F9D2781E0021F0BD0C277F1BFE4077460C
:10AD50007F0BAF40FF19E0E700245D1C07D0144FC4
:10AD60007D663966FFE7FFE7FFE7FFE73C6F95B2D7
:10AD70009EB265436643401BB141150C1E0C6543F2
:10AD8000664336042F0C3E432D04401BB1419942CB
:10AD900004D202000B0020000021F0BD01D190423E
:10ADA000F7D3801A994101349942F2D3F6E70000B3
:10ADB000000000D0FFFFFFFF48404140484018B46A
:10ADC0001B4B5B68FC46019308BD04DF53B00010C9
:10ADD00018B4174B1B68FC46019308BD00DF5DB03B
:10ADE00000109446134A926F920809D2624618B432
:10ADF0000F4BDB68FC46019308BD0CDF15B3001058
:10AE00000C4AF0B5146E556E576F166F6246FFF719
:10AE1000EEFF084A1466556657671667F0BD18B40A
:10AE2000034B9B68FC46019308BD08DFB9B10010D5
:10AE3000A8130020000000D0FFB550404240504011
:10AE400059404B40594000E0FFB5154F4C00640D90
:10AE500003D0BC4204D10C0314D80020090D09050D
:10AE60005C00640D03D0BC4204D11C030AD800224C
:10AE70001B0D1B0501264B4009D44B4003D58B42CB
:10AE800000D18242FFBD9942FCD19042FFBD0B43ED
:10AE9000DB1803431343F5D0C9434918FFBD000035
:10AEA000FF07000000B5FFF7CFFF804100BDC0469F
:10AEB00000B5FFF7C1FF01D9002000BD012000BD92
:10AEC00000B5FFF7B9FF804100BD012040054A00F1
:10AED000121804D85A00121801D800207047012017
:10AEE000704700000021002805D17047C117484075
:10AEF000401AFAD0C90713B5064B1B6898470CBC1B
:10AF0000441CA2401005120B0349091B09051943F3
:10AF1000114310BD742E00201F04000010B54C001A
:10AF2000620D8023D218DB00D21A5B057E2A10DD69
:10AF30009E3A13DACC170903490819435242D1400B
:10AF4000640001341532202A05DAD04008436043FA
:10AF500010BD002010BD0846604310BDC80FC018CA
:10AF6000013810BD18B4044B5B6AFC46019308BD60
:10AF700024DFC5B400100000A8130020132370B50F
:10AF80001D78012D19D014DD1F48FFF77DFB060049
:10AF90001E48FFF779FB1E4C80223100200000F094
:10AFA000B1FB022D2DD01B48FFF766FB1A4B186032
:10AFB00070BD1A4B164CA364F5E7184B144C236074
:10AFC0006360A360E36023616361A361E361236263
:10AFD0006362A362E36223636363A363E363236443
:10AFE0006364A364E36423656365A365E365236623
:10AFF0006366A366E36623676367A367E367A36487
:10B00000D1E7064BA364CEE753440000534600004B
:10B01000A81300204C330000742E002021B0001033
:10B0200007B5604601880A0A0230DF2AFAD1C9B2A0
:10B03000820804D3028840880004104300E00068BE
:10B04000014A5050039007BDA81300200FB403BC61
:10B050000CBCF0B50124E407634000E0F0B50C0D32
:10B06000CF0F661E3605891B640503D3C9434042D2
:10B0700000D30131640D03D0661CF60A07D0E41B2F
:10B0800000207F00791C89078912803C24031D0D54
:10B09000DF0F6E1E36059B1B6D0503D3DB4352424B
:10B0A00000D301336D0D03D06E1CF60A07D0ED1BE3
:10B0B00000227F007B1C9B079B12803D2D032F1BD2
:10B0C000661B58D4A446202E46DA20371400BC4014
:10B0D0001D00BD40F24033412A4380185941CB0F37
:10B0E00005D0C943C04300226442504151416246E9
:10B0F0004D0D28D10D0D07D100281FD02419404136
:10B100004941013A0D0DF9D0640006D3013000D356
:10B110000131002C01D140084000013A0BD4941CAD
:10B12000E40A04D112051144DB071944F0BDD90724
:10B13000204B194300E0D9070020F0BD0029DDD1E4
:10B14000002CDBD1F0BD0132C6074008CD072843F3
:10B150004908002EE1D0D9E73C2E29DA203E4037BD
:10B160001400BC4000D00124F24014431A00BB403C
:10B170001C43D317ACE7AC46202F08DA2036040076
:10B18000B4400D00B540F84039412843A5E73C2FB5
:10B190000CDA203F40360400B44000D00124F840CF
:10B1A00004430800B1400C43C117EAE7100019003E
:10B1B000002494E70000F07FF0B50C0D661E360504
:10B1C000891BE60A6405640D02D0651CED0A04D0F3
:10B1D000002001210905803C2403A4461C0D671EA4
:10B1E0003F05DB1BE70A6405640D02D0651CED0A10
:10B1F00004D0002201231B05803C240377406444D3
:10B2000097B484B296B27443070C7E43150C6F4317
:10B2100080B26843361802D3012000043F1830047E
:10B22000350C00197D41844688B29AB250430C0C0B
:10B2300062431F0C7C438EB27E43921902D30126D7
:10B240003604A4191604170C3618674101BC81B2E4
:10B250009AB25143040C62431B0C5C4380B25843C6
:10B26000121802D30120000424181004130C4018F3
:10B2700063412D185E410020474106BC88B293B25D
:10B2800058430C0C6343120C544389B251435B186E
:10B2900002D301210904641819041A0C0918624127
:10B2A0006D1856410020474118BCF902720D114338
:10B2B000F0026A0D1043ED020A0D03D16D194041F1
:10B2C0004941013B124E9B1B7600B3420ED26D00EA
:10B2D00007D30130002671416646354301D140084D
:10B2E00040001B05C918E4072144F0BD0BDA013307
:10B2F00006D1013004D101314F0D01D04908F2E7E8
:10B30000E1070020F0BD013631050020EBE7000029
:10B31000FF030000F0B51C0D671E3F05DB1BE70AAD
:10B320006405640D02D0661CF60A04D000220123D5
:10B330001B05803C2403D0252D060026F6432E66EF
:10B340001E096E66CE0FF619B44649004F0D02D0A5
:10B350007E1CF60A03D000200021403F3F033E1B25
:10B36000B600B444013F7F05C91B49082E6F013662
:10B3700076089C02950D25437543ED137543AD1377
:10B3800001356D10F603761B0CB4CC02450D2C4331
:10B39000A2B2B3B25A43270C7B43350C6F43A4B21D
:10B3A0006C431B1902D3012424043F191C041D0CF7
:10B3B000A4187D4124196D41009A91B2ACB2614349
:10B3C000170C7C432B0C5F4392B25A43A41802D350
:10B3D00001221204BF182204230C52187B41019C45
:10B3E0006C431B19520ED9010A434401A01A81B2C1
:10B3F000B2B2514303145A43360C734387B27743B6
:10B40000D617D21900277E4136049B191704160C53
:10B410007F185E417316ED18F301002680337541E5
:10B42000A90F06D16400690AE8055B0A184309D22E
:10B430002FE00422944480337541A90AA8059B0A91
:10B44000184326D3404149412404009A019B0D0032
:10B450005543641B4343E41A95B286B27543170CF7
:10B460007E43030C5F4392B25A43B61802D30122C3
:10B470001204BF183204330C52197B4152429C41D2
:10B48000002C02D40022013051414008CA07104369
:10B49000490802B06246D7079210084BD218084BF1
:10B4A0009A4203D212058918C919F0BD0020002A5A
:10B4B00001DC3900F0BD01331905F5E7FD0300009B
:10B4C000FE070000002200B5203200F004F808005A
:10B4D00000BD000000220B150AD410B5944600F000
:10B4E00031F81414013400DA0021CB17144C204732
:10B4F0000020002170476244343A0CD40C2A07DA49
:10B5000004009140904052422032D440214310BD6B
:10B51000D843D94310BD203207D40C469440524240
:10B5200020321141D040204310BD0800C9172032FD
:10B5300003D452422032104110BD1800190010BD32
:10B54000F7B400100A0DCC0F531E1B05C91A520583
:10B5500003D3C943404200D30131520D03D0531CE1
:10B56000DB0A07D0121B00206400611C89078912C6
:10B57000803A1203014BD21A70470000FF0300000B
:10B5800051434343C9188C46110C83B24B4310B44A
:10B59000040C614392B280B2504362431C041B0C02
:10B5A000001910BC59411304120CC01851416144D8
:10B5B000704700004840414048400E4B5B681847C8
:10B5C0000C4B1B6818470C4A936F9B0802D2094B1F
:10B5D000DB681847F0B5146E556E576F166FFFF79E
:10B5E000F6FF054A1466556657671667F0BD014BAE
:10B5F0009B681847A8140020000000D0491A0028B2
:10B6000008D1084670470000C10FC90700D5404265
:10B61000002817D0F44603B40B4B1B68984706BCB0
:10B6200081409E384042803107D20B0607D0490046
:10B63000490AC0051043084360470130F8E7490A4A
:10B640008902F5E770470000742E0020014B5B6A09
:10B6500018470000A8140020132310B512481C78C6
:10B66000FFF712F80100012C0AD003DD80220F48F9
:10B6700000F048F80E48FEF7FFFF0E4B186010BDB3
:10B680000A4C5422200000F03DF80B4B6365A36583
:10B69000E36523666366A366E36623676367A36760
:10B6A000E3672362E361E5E753460000A814002046
:10B6B0004C330000742E0020BDB6001007B5604664
:10B6C00001880A0A0230DF2AFAD1C9B2820804D3FB
:10B6D000028840880004104300E00068014A50508E
:10B6E000039007BDA814002001480421014B18470E
:10B6F0005011002099A60010014B1B68184700004C
:10B7000050110020014B5B681847000050110020C9
:10B710009A4200D2885470477047C046F8B55746E1
:10B72000DE464E464546E0B599460A9B07009A46D6
:10B730000D9B884693460B9C9B073BD10C9B9C42E0
:10B740003DD21E1B0B9415000C005E442A004B4694
:10B75000013521002020B847B542F7D1A0460B9C07
:10B76000002C20D0454636195346321B013C185D4B
:10B7700029004B46B847002CF6D12B0035009846DF
:10B780000D9B9B070FD55B46EC1A0C9BA3420AD975
:10B79000464698462A004B46310020200134B847DF
:10B7A00001354445F6D32800F0BCBB46B246A94655
:10B7B000A046F8BD16001500002CD3D1E0E7160016
:10B7C000002CCFD11500EEE7F0B54F464646D646E1
:10B7D000C0B584B098460EAB1B7894469946129B30
:10B7E0000D9C109F119E9A0725D4002E65D1BC4256
:10B7F00021D201221A409246202C00D1E9E00C9A75
:10B80000551E302202E0202C00D17BE001342A5565
:10B81000A742F8D85246002A0DD0B4420BD20C9A57
:10B82000551E3022202C02D171E0202C2DD0013465
:10B830002A55B442F9D1DA063CD55A052ED4002C4B
:10B8400028D10F9A102A00D1B6E0022A00D1BCE01C
:10B8500030220C9C227001244A46002A65D15A07E6
:10B8600000D499E02B220C9D2A55013403930C9BA4
:10B8700062460093029643460194FFF74FFF04B0DF
:10B88000E0BCBA46B146A846F0BD2024DA06EDD5A4
:10B890005A0503D4A74266D0B44264D00F9A102A46
:10B8A00071D0022A57D0202CE0D02200013430255C
:10B8B0000C9FBD54202CD9D0CEE7012215001D408D
:10B8C000AA461A4236D04A46002A4AD10C321A42B7
:10B8D00047D1BC42A1D2202C91D1202E17D82024B0
:10B8E000DA06C3D55A051BD4202F01D0202ED5D17E
:10B8F0001F220F9D102D6FD0022DD8D162250C9FD5
:10B90000BD54D0E75246002A79D0202EBDD920243C
:10B91000DA06ABD55A0503D4202FE9D0202EE7D084
:10B920000F9A102AA2D12024A0E72D220C9D2A557F
:10B9300001349BE7BC4200D37DE7202C00D05EE7BA
:10B94000DA06F0D55A05EED4202F62D0202EEAD1A7
:10B9500034001F22CDE7202C00D187E722000134DC
:10B96000CCE7013EB5E7621E012CC2D10F9A102A26
:10B9700000D06AE79A063BD558220C9C2270283AE0
:10B980006270022468E79A060ED4202CCBD078226D
:10B990000C9D2A55013486E71A0700D466E7202259
:10B9A0000C9D2A55013461E7202CBCD058250C9AF7
:10B9B00012191570013476E79A0608D558220C9CA6
:10B9C000227030226270022446E76032F7E7782264
:10B9D000F5E7002A83D1B3E7A21E013C9D0603D4FC
:10B9E00078250C9FBD5460E758250C9FBD545CE73B
:10B9F00078220C9C2270483A627002242CE7DA0606
:10BA000000D433E75A058BD4202F00D044E71F22FF
:10BA10006FE73C001F226CE710B5002800D110BD75
:10BA200001F0D4FBFBE7C0460B0010B5002802D0A4
:10BA300049681B68984710BDF0B557464E464546C5
:10BA4000DE46E0B599B08246894690460893229A30
:10BA5000239B10001900FFF738FA002800D0CDE032
:10BA6000229823990122D94B5242FFF729FA002844
:10BA700000D0C3E0229823990122D54B5242FFF710
:10BA800011FA002800D0B9E022982399002200235F
:10BA9000FFF708FA002800D0F1E1229E239F8023BF
:10BAA000269ADB001A400D92269A1A4201D10623EB
:10BAB00024938023269A1B011A403B009346099643
:10BAC000334300D0B3E0002A00D0C2E100230024B9
:10BAD0000A930B94002304250993259B0024AB4271
:10BAE00000D95C1B0223269A1A400C92269A134214
:10BAF00003D06B426B415B421C40099B002B07D07B
:10BB00000A9A0B9B30003900FFF76BF906000F0013
:10BB10002298239900220023FFF7C4F9002803D0BC
:10BB2000802109067B181F00269AAA4B00960197D0
:10BB30001340089E0493249B0394029342463300CF
:10BB40004946504600F0AAF90400002D67D0202095
:10BB5000269A4946024013005A4253415B42621CF6
:10BB600018400A92330022004530D047099A6F1ED0
:10BB7000D317D4185C40D30F9B46002501E0202D3D
:10BB800013D008AA94461F23200063440A210135DC
:10BB90005E19FEF7D9FE3031317020000A21FEF720
:10BBA000D3FE26000400092EE9D8052306930023BE
:10BBB00004930A3303935B46089E029310AB0A9AE0
:10BBC000009349463300504605970195FFF7FCFD69
:10BBD0000C9A0400002A22D04246851A259AAA42CD
:10BBE0001DD9B0465746160022004346494620203C
:10BBF0000135B8470134AE42F6D810E0269B4246E4
:10BC00000493259B49460393249B50460293229B11
:10BC1000239C00930194089B00F040F9040020004D
:10BC200019B0F0BCBB46B246A946A046F0BD6A4B6F
:10BC300078009C46400D6044FFF758F9674A684B0E
:10BC4000FFF7EDF8674A684BFFF7C2F8674A3B0316
:10BC50001B0B1A4304000D0009981100644B0022CD
:10BC6000FFF7ADF8634A644BFFF7D9F802000B0009
:10BC700020002900FFF7ACF8FFF750F90990FFF713
:10BC800035F95E4A5E4B04000D00FFF7C8F800224C
:10BC90005C4BFFF79DF8FFF741F95B4A5B4B2900CE
:10BCA0000C902000FFF7BBF804000C980D00FFF784
:10BCB0001DF9574A574BFFF7B2F802000B0020005E
:10BCC0002900FFF77CF804000D0002000B000A9425
:10BCD0000B95FFF7A4F804000D000A980B990200D9
:10BCE0000B00FFF775F800220E900F914A4B2000D1
:10BCF0002900FFF776F80022484BFFF769F80200A9
:10BD00000B0020002900FFF76CF80022444BFFF7DE
:10BD10005FF802000B0020002900FFF762F80A9A82
:10BD20000B9B0D0080210400C9050020FFF747F898
:10BD300002000B0020002900FFF74AF802000B0068
:10BD40000E980F99FFF74DF80022284BFFF740F8A7
:10BD5000344B0C9C9C46644423050022FFF75FF89B
:10BD600004000D0002000B00300039000A940B950E
:10BD7000FFF798F800285DD123002A00C62509990D
:10BD800063318D42AD4159466D420435002900D1E1
:10BD9000A3E6134363D030003900234A234BFFF757
:10BDA00087F8002807D0002230003900204BFFF729
:10BDB00079F8002853D1249B002B00D18DE60D9BF0
:10BDC0005A1E9341249AD31A249386E6FFFFEF7FED
:10BDD000FFFFEFFFFFF7FFFF01FCFFFFFB799F5025
:10BDE0001344D33FB3C8608B288AC63F0000F03F9E
:10BDF0000000F83F61436F63A787D23F71A37909C1
:10BE00004F930A400000E03F1655B5BBB16B0240AE
:10BE1000EF39FAFE422EE63F00002C40000024409D
:10BE200000001840FF0300002D431CEBE2361A3FD0
:10BE300080842E41099B0022013B09932000164B70
:10BE40002900FEF7CEFF0A00010003000A910B92C1
:10BE500094E7002300240A930B9400230993249A67
:10BE6000099B9A4214DDD31A013B24938023269A1E
:10BE7000DB001A4300230025269209932DE6802239
:10BE800012069446229B1E00239B63441F0006E675
:10BE900000232493EAE7C04600002440F0B545465D
:10BEA000DE464E465746E0B595B08B4690469946DD
:10BEB0001E9A1F9B0A9019001000209DFFF705F89D
:10BEC000002800D0B0E11E981F990122C74B5242B2
:10BED000FEF7E8FF002800D037E11E981F990122E5
:10BEE000C34B5242FEF7ECFF002800D0A7E01E989B
:10BEF0001F990022BF4BFEF7E3FF002800D088E027
:10BF00001E981F990022BC4BFEF7CCFF002800D0E2
:10BF10007FE01E981F9900220023FEF7C3FF002830
:10BF200000D0FAE000230B938023229C229ADB00AE
:10BF30001C401A4200D102E1092D00D87CE106A97B
:10BF40008C462C00172200233021093C6244013327
:10BF5000D154EF1A202B00D132E1A342F7D10022B5
:10BF6000A44B069207931E981F99FEF7D7FF050072
:10BF7000FEF7BCFF02000B001E981F99FEF71FFF83
:10BF8000069A079BFEF74BFF08900991FEF7EAFF20
:10BF90000600FEF7A7FF02000B0008980999FEF7BC
:10BFA0000EFF0022954B08900991FEF789FF0028AB
:10BFB00000D1D2E001363000FEF794FF069A079BCD
:10BFC000FEF776FF002801D000260135AA46002F93
:10BFD00000D098E02800FEF789FF02000B001E98B1
:10BFE0001F99FEF7ECFE854B002206000F00FEF7BE
:10BFF00059FF0CAB9A46002845D100223000390089
:10C000007E4BFEF75DFF00283DD1EB073BD50135A8
:10C0100039E0229B42460493219B594603930A9898
:10C020001E9B1F9C0295009301944B46FFF704FD55
:10C0300015B0F0BCBB46B246A946A046F0BD229B57
:10C040005B0767D403226E4B2299019203912199D9
:10C050000291009342464B4659460A98FFF75EFB11
:10C06000E6E706AA94461723280063440A21013410
:10C070001E19FEF741FC3031280031700A21FEF70D
:10C080003BFC051E76D0202CEBD10323229A1340D3
:10C09000012B1DD1219B002B1AD00B9B002B00D014
:10C0A000BBE0229A0C33134200D0B6E0219BA3429E
:10C0B00000D887E006AB9C4617223023624404E098
:10C0C0002199013413558C4259D0202CF8D12024C9
:10C0D000229B01940393219B02935346B9E706AA3E
:10C0E000944617230A216344300001341D19FEF7DA
:10C0F0002BFC3031297030000A21013FFEF724FC6F
:10C10000092E46D90600202CE9D155460CAB202437
:10C110009A46B8E704223B4B96E71E9A1F9B0020E5
:10C120000021FEF74CFE01230B938023229C229AD0
:10C13000DB001E901F911C401A4200D0FCE600223A
:10C14000314B0627069207930DE7229B0393219B11
:10C150000293042301932D4B7BE700220898099951
:10C16000264BFEF79FFE002800D02FE7002E4FD170
:10C1700001362BE70323229A1340012B66D0202C93
:10C18000A6D00B9B002B1FD02D23524613550134F4
:10C190009EE75546202CB9D030233A19002F08D0FD
:10C1A000172006A9013409180B55202CAED0944253
:10C1B000F6D10CAB9A462E2352461355013462E752
:10C1C0002024CCE6202C83D0229B5B0708D4229B22
:10C1D0001B0700D47CE7202352461355013477E730
:10C1E0002B2352461355013472E7C046FFFFEFFF81
:10C1F000FFFFEF7F65CDCD4165CDCDC10000E03FB4
:10C20000282301102023011080842E4130230110A7
:10C21000F30700D4DAE60136D8E6219B013B2193EF
:10C22000A34200D946E7AAE7229B0393219B0293EE
:10C2300003230193074B0CE7074BEA009B185C684C
:10C240001B682F000693079400248CE6219B002B8B
:10C2500095D022E72C23011088270110F0B557460E
:10C26000DE464E464546E0B5A5B01F002E9B9146E2
:10C270000D93CA4ACA4B82468B461A60002900D1E8
:10C2800029E2002338789846002800D12BE2C54BDC
:10C2900044460C93C44B55464E460E930AE0631C2D
:10C2A0009846220033005946A8474446387800286B
:10C2B00000D187E001372528F1D108239A46043BB5
:10C2C0009946023B9846013B00229C460B943878E5
:10C2D000791C0300203BDBB2102B03D80C9C9B0085
:10C2E000E3589F460300303B0B9C0B92092B3AD935
:10C2F000002398462A2800D1DDE000239A462E2804
:10C300004BD00300683BDBB2122B1ED80E9A9B0069
:10C31000D3589F4663460F001A43D8E743460F00A1
:10C320001A43D4E74B460F001A43D0E710230F00FF
:10C330001A43CCE753460F001A43C8E780235B003B
:10C340000B9A78781A430B9201310F0067284FD867
:10C350002428A4D90300253BDBB2422B9FD8934964
:10C360009B00CB589F46002398460B9B47469C4614
:10C3700000E00131BB00DB195B001F180878303F7B
:10C380000300303B092BF4D963460B930023B846D6
:10C390009A460F0001312E28B3D180200B9AC0009D
:10C3A00002430B9230225242944678780B00844428
:10C3B0006246092A00D8AAE12A2800D1B9E10F0073
:10C3C00001319EE7A046AA46B146C84503D30123E2
:10C3D0005B424B4498464B46424659460020D04764
:10C3E000200025B0F0BCBB46B246A946A046F0BD31
:10C3F00001006939C9B20F2900D950E701238B40E8
:10C400009C466B4B994663464A4613400F936246DF
:10C410004B461A4200D068E10A2956D0072900D0BD
:10C420003DE70D9B02CB9846002900D092E10B9B83
:10C4300010211A008A4310001131084381468020E0
:10C440001A00C0000240110003421CD114AB9C46EC
:10C450001F220F2362440D959C4615000F9B0B94E1
:10C4600002E0202B0CD0110064460C402000373035
:10C47000092C00D807380133E8540A090F29F0D8ED
:10C480000B9C0D9D0F934B46082206935346059235
:10C4900008320392002204930F9B029201931CAB7B
:10C4A00022000093594633002800FFF78DF94346D8
:10C4B00004000D93FAE60D9B04CB9046002A79DB2D
:10C4C00078780D930F00013117E70D9B02CB149381
:10C4D0000B789C4618005346002B00D134E100280D
:10C4E00015D05346013B013399460D940B9C89446A
:10C4F0004A460B00A14601E0934203D05C78013329
:10C50000002CF9D14A465B1A0D9C0B920F938023A5
:10C51000DB0099460B9A13400D934B461A4204D008
:10C520000F9B534501D953460F93022399460B9A0B
:10C5300013400B934B46134200D1F5E16346002BA9
:10C5400000D1D6E10D9B002B00D182E10B1BD1461F
:10C5500031009A463B00A1442E005F464D46220022
:10C560009B46894609E04B463900541CB047534668
:10C57000185D002800D192E122009542F3D14B468C
:10C580005A46A946BB46350017001E004C460B9B79
:10C59000002B00D0ADE1149B0D9387E65DC2001027
:10C5A00000260020EC250110302601107C26011009
:10C5B000419000000B9A283802430B9242465242A7
:10C5C000787890460F000D93013196E678786C28C4
:10C5D00000D15DE180230B9A5B001A430B9201317D
:10C5E000B3E680239B00ABE67878682800D148E169
:10C5F00080230B9A01311A430B92A6E6672800D1DB
:10C60000B2E0472800D11AE1452800D11CE10B9A7D
:10C610000721049242460D9B0392073352468B43F7
:10C62000190002920CC92800009201930D9122007A
:10C6300033005946FFF700FA040037E6462800D1D8
:10C640008DE00B9A0721049242460D9B039207331B
:10C6500052468B43190002920CC9280000920193A4
:10C660000D91220033005946FFF718FC04001DE627
:10C67000631C98462200330059462520A8474446AB
:10C6800014E60D9B04330F93631C99460B9B9A078A
:10C6900000D40AE10D9B2200187859463300A847C0
:10C6A00043464444012B00D86FE1B0462E002500DC
:10C6B0004C46B9465F4622004346013439002020EB
:10C6C000B047AC42F7D12C00BB4635004F4646463A
:10C6D0000F9B0D93EAE5D64B38789A46002398468F
:10C6E000002800D0D3E500246FE66F2842D000D8A0
:10C6F000FDE11023782800D19BE00B9A9A430B921E
:10C700000A239C46002314930A330F9338E05746BC
:10C710000B9AB900C919490001330F181878303F36
:10C72000010030390929F4D9BA460B921F00591C6F
:10C73000E7E50D9BB87804CB0237D143C9170A400F
:10C7400092460D93791CDCE5002800D1DFE6022338
:10C750005B42C8E621200B9A0243914676E62023ED
:10C760000B9A1A430B926CE780230B9A1B011A4316
:10C770000B924CE708239C460023149308330F9335
:10C780000B9880230200DB001A40110002001842BF
:10C7900000D080E00C239A431000802302009B000D
:10C7A0001A400B92184200D0F1E0802302005B0097
:10C7B0001A4091460D9A04321492184200D0C3E2F6
:10C7C000430600D5D7E0030600D421E30D9B1B8868
:10C7D0000993002B00D02DE110339843002900D19C
:10C7E00028E10023994643460593534604930F9B43
:10C7F00006900393002302934B4601931CAB220047
:10C800000093594633002800FEF7DEFF0400C2E61D
:10C81000582809D0622800D0E3E202239C46002376
:10C82000149302330F93ABE720230B9A1A430B9216
:10C83000103B9C460023149310330F93A0E78023F2
:10C840000B9A1B011A430B9220230B9A1A430B924B
:10C85000DDE60B1B9A460F9B99463B0037005E4670
:10C860009B4622003B003100A84753460134185D27
:10C870000028F6D14B460F935B46B3463E001F009F
:10C8800085E6C0230B9AB8781A430B92F91C5CE535
:10C89000C0239B00F6E70D239A4310007DE75B461B
:10C8A0003500BB464E461F0071E64346012B66D954
:10C8B000631E434432002E001D003B00A2465F462B
:10C8C00091469B4622004B46013439002020B04758
:10C8D000AC42F7D15B463500BB464E46A1465446B6
:10C8E0001F000D9B4A461878594633004444A84718
:10C8F000EEE60F9BA146984500D84CE64444E41A66
:10C90000B0462E0025004C46B9465F4622004346FD
:10C91000013439002020B047AC42F7D12C00BB468F
:10C9200035004F46464636E60F98804500D873E2FC
:10C930004346E218131A32002E001D003B009146B8
:10C940005F469B460F9122004B4601343900202060
:10C95000B047AC42F7D15B46BB461F0043460F9938
:10C9600001330F930B7835009C464E4660460028F5
:10C9700000D0E7E50FE60D9B1B78099329E70D9B97
:10C980002200187859463300A8474C46A0E60D9A75
:10C99000FA3BFF3B07329A430133994691444B4699
:10C9A0000D931368526815921A4306D110329043C2
:10C9B00000220992002900D083E06122810600D57F
:10C9C0004122D2B20A9214AA91460A9A00210A3A46
:10C9D0000B9242461792524618925A46B246099115
:10C9E0001E001F31149B4944BB4616941A9500241F
:10C9F000674698468946159D19901B920AE0303289
:10CA0000D2B24B4601341A55A8454CD0202C4CD0FC
:10CA100006000D003A00002330002900FDF7D2FF88
:10CA2000D2B2092AEBD90B9B9C466244D2B2E8E70A
:10CA300019B700106123820600D54123DBB20A3BFF
:10CA40000B93434614A91F228C4615935346624408
:10CA5000B2460D9417974C468046A9461700099D8B
:10CA60000F9E169308E03033DBB201343B55B542DC
:10CA70000ED3202C0CD0050031002800FDF764FFF8
:10CA8000CBB20929EFD90B9A94466344DBB2ECE7A9
:10CA9000159B40469846169B4D465646A1469A46DB
:10CAA0000D9C179F9FE6B742B0D9179B56469846F4
:10CAB000189B5F469A461B9B09949B46169C1998A7
:10CAC0001A9D43460593534604930F9B0690039388
:10CAD00000230293099B01931CAB2200009359464B
:10CAE00033002800FEF770FE0400FFF7DFFB102381
:10CAF0000B9A9A430F92692800D091E10B998023F9
:10CB00000A00DB001A4010000A00194203D011216C
:10CB100018008A430F920F9A802311009B0019403E
:10CB20008C461A425BD1802311005B001940894674
:10CB30000D9904310B911A4200D0B2E013005B064C
:10CB400000D4EDE00D9B1B781A00D90F0D91002B3E
:10CB500000D1A3E0100014AA944642461F23159268
:10CB600052466344A846BA464D461494B146040062
:10CB70001F00169201E0202D0FD020000A21FDF7A2
:10CB8000E3FE01357E193031317020000A21FDF7B6
:10CB9000DBFE26000400092EEDD8159B4E46A94663
:10CBA00045469846169B57469A46149C0F9B0693FB
:10CBB00043460593534604930A2303930D9B029324
:10CBC0004B4601931CAB22000093594633002800CA
:10CBD000FEF7FAFD0B9B04000D93FFF767FB07229E
:10CBE0000D9B07339343013294469C4462460D9259
:10CBF0000CCBD90F0B911100194300D19BE0D91731
:10CC0000139112915140109113995940119110981C
:10CC10001199129A139B801A99411090119114AA9C
:10CC20009446424600231592524699461692320087
:10CC30001F336344A8464E46BA4614941F00109C06
:10CC4000119D914601E0202E10D0200029000A22DB
:10CC50000023FDF7B7FE013630322B00BA550D0028
:10CC600022000400002BEED1092AECD8159B109469
:10CC70001195454698464B46169AB14657461E00B2
:10CC80009246149C0F9B0693434605935346049388
:10CC90000A2303930B9B02934B461CE7002885D184
:10CCA00059E70D9B1B68DA0F1100002B00D1A6E09D
:10CCB000DA179818504014AA91461F2342464B4455
:10CCC000A8460D94169704006546B1461F001491BE
:10CCD000159201E0202D0FD020000A21FDF734FE2F
:10CCE00001357E193031317020000A21FDF72CFE0C
:10CCF00026000400092EEDD8159BAC464546984603
:10CD0000149B4E4619000D9C169F0F9B0291069393
:10CD100043460593534604930A230393634650E71F
:10CD200013001B066ED50D9B00229B5ED9175A1867
:10CD30004A4092B209E7002399460028A2D1002276
:10CD40000023109211936AE70D9B1B689946002BF4
:10CD500003D110339843002938D16123820600D5CE
:10CD60004123DBB20A3B0D9343461693534614A965
:10CD70001F228C4617932B0062444D46B2461594F1
:10CD800018978046170099460B9C0F9E08E0303399
:10CD9000DBB201343B55B5420ED3202C0CD005003C
:10CDA00031002800FDF7D0FDCBB20929EFD90D9A4B
:10CDB00094466344DBB2ECE7169B40469846179BCB
:10CDC00056464D469A460B94189F159C434605932C
:10CDD000534604930F9B06900393002302930B9BEF
:10CDE0000BE50B9980230A00DB001A4010000A00B3
:10CDF000194200D08BE610239A430F928BE600284D
:10CE000083D158E70D9B1B68D9175A184A409CE6F6
:10CE10000D9B1B680993DCE4030001330F93A5E528
:10CE20000B926DE40EB4012230B584B007AC08CC8F
:10CE3000064D01000094280052420394FFF70EFAB9
:10CE400004B030BC08BC03B01847C04611B700108E
:10CE500010B5054C82B0009313000A0001002000B9
:10CE6000FFF7FCF902B010BD11B7001000B585B096
:10CE70000391012102900093034813004A4202A942
:10CE8000FFF7ECF905B000BD29BA001010B5094A4A
:10CE90000300146884B0002C08D0012200910648D9
:10CEA000524203A9A047012004B010BD00F0DAF9F6
:10CEB0000020F9E70026002019BA001000BEFDE7A7
:10CEC00010B5FFF7FBFFC04670B5FDF737FC074D07
:10CED000074EB54209D20024013E761BB60808CDA4
:10CEE000984723000134B342F9D170BDF8110020F6
:10CEF00004120020030010B5080011001B689847B9
:10CF000010BDC046F0B5C64600B5437D07000D0014
:10CF10001600002B38D0002A2EDD00216A1E904614
:10CF20006A5C037D4C1C00200A2A0CD0A64216D055
:10CF300043461B5D21000D3B5A4253416A5CDBB204
:10CF40004C1C0A2AF2D1002BF0D1884217DB0221B7
:10CF500010483B689847A64207D02000E8E7864281
:10CF600003DD311A3B6828189847AD19013D2B782D
:10CF70000D3B5A4253413B7580BCB846F0BD091A7F
:10CF80003B6828189847E2E7036811002800984793
:10CF9000F2E7C046D8270110F0B5C6460B68060078
:10CFA0000C0000B5802B06D05A1C2260E4182671B4
:10CFB00080BCB846F0BD0F4B1D68002D16D00B1D70
:10CFC00098460D4F02E02D69002D0FD02B68002BE5
:10CFD000F9D03B68002B01D0AB42F4D12800414688
:10CFE0002268FFF78FFF2D69002DEFD1012200236A
:10CFF000DBE7C046DC1C0020E4200020F0B5DE4664
:10D0000057464E464546E0B585B017001C00060061
:10D010000D00FDF747F90023314A12184B418021DA
:10D0200009068B4202D301222E4B52422E490800A0
:10D030008A4605F0E9F801906B1C03D1300005F039
:10D0400063F80500002C26D0284B9846284B1C6816
:10D05000002C15D0002F21D1264F02E02469002C8E
:10D060000ED02368002BF9D03B68002B01D09C42E6
:10D07000F4D120002A003100C0472469002CF0D1EF
:10D08000019B002B28D1280005B0F0BCBB46B2465E
:10D09000A946A046F0BD184B9846D7E7154B9946D0
:10D0A00002ABDF1D0A239B4602E02469002CE7D077
:10D0B0002368002BF9D04B461B68002B01D0A342FC
:10D0C000F3D12A0031002000C0475B46012239001D
:10D0D00020003B70C047E8E7504605F04DF8D2E726
:10D0E00040420F00FFFFFF7FB411002005CF00106A
:10D0F000DC1C0020E4200020F5CE00100A4A136852
:10D10000002B05D10CE01A001B691032002B07D050
:10D110009842F8D1002902D1036913600161704778
:10D120000029FCD01060FAE7DC1C002010B500F0EC
:10D130004FFB10BDF0B5CE464746040080B583B026
:10D14000FDF7B0F826000027802336184F411B0654
:10D150009F4202D30126194F7642194BB946984691
:10D16000184D43461C68002C03D116E02469002C9E
:10D1700013D02B68002B01D09C42F7D1A368002B61
:10D18000F4D0012101A898470028EFDD6B461879FB
:10D1900003B0C0BCB946B046F0BD0B4B5A6A9145CE
:10D1A00007D89B6AB34202D302204042F0E7914580
:10D1B000FAD101200021FDF77FF8D2E7FFFFFF7FC2
:10D1C000DC1C0020E420002000400540F0B5CE46E5
:10D1D000474680B583B06B460600DD1D2870FDF71D
:10D1E00061F800231A4A12184B41802109068B422C
:10D1F00002D30122174B524217490800884605F016
:10D2000003F8164B81461C68002C14D0144F02E022
:10D210002469002C0FD02368002BF9D03B68002B29
:10D2200001D09C42F4D1200001222900FFF76AFEC0
:10D230002469002CEFD14B46002B05D1300003B000
:10D24000C0BCB946B046F0BD404604F095FFF5E7D6
:10D2500040420F00FFFFFF7FB4110020DC1C0020C4
:10D26000E420002070B5040004F04EFF012301000B
:10D27000050001222000FFF7C1FE084B1C68002CAE
:10D2800006D06368002B05D098472469002CF8D19C
:10D29000280070BD2469002CF3D1F9E7DC1C0020C4
:10D2A000F0B5CE46474680B5A3B004000D00FCF7AC
:10D2B000F9FF0023294A12184B41802109068B42AD
:10D2C00002D30122264B5242264F380004F09CFF25
:10D2D00000230600019322002B00234801A9FFF739
:10D2E000C5FD019B8046002B14D1204B1C68002CEF
:10D2F00006D06368002B0BD098472469002CF8D126
:10D30000002E25D1404623B0C0BCB946B046F0BD82
:10D310002469ECE7154B1D689946002D1CD0144C70
:10D3200002E02D69002D0FD02B68002BF9D0236867
:10D33000002B01D0AB42F4D12800019A02A9FFF7DB
:10D34000E1FD2D69002DEFD14B4601951C68CEE71C
:10D35000380004F011FFD5E70195D1E740420F00F6
:10D36000FFFFFF7FB411002099CF0010DC1C0020CC
:10D37000E42000200FB400B583B004A901C90191D5
:10D38000FFF78EFF03B008BC04B018477047C046D3
:10D390000022014B1A707047BC3600204B790020E8
:10D3A000FF2B0BD18B79002B08D1CB79012B05D129
:10D3B000082A03D9024B8A7809301A707047C04690
:10D3C000BC3600200120704710B5012901D0012092
:10D3D00010BD13495379107909781B0203430020CB
:10D3E0009942F5D15378012B08D0022BF0D10020BF
:10D3F00064220021FDF7EAF80120E9E7D37891786B
:10D400001B021943DB0507D54A0A100001231A4005
:10D410007E331940FDF762F901204A0A4042F5E7E0
:10D42000BC36002000487047A428011070B50500E4
:10D4300014000120012909D153780020012B05D1C6
:10D44000637912791B021343072B00D070BD2100B2
:10D450002800024A9F3301F05FFAF7E7FC2701102A
:10D460000123037000487047DC2701104B780A78CD
:10D470001B0213438A7810B512041A43CB781B069B
:10D4800013439622D200934200D010BD0022012007
:10D4900011004042FDF722F9024B1860024B19605F
:10D4A0007047C0466C1C0020701C002010B5024B59
:10D4B0001878FCF79BF810BDBF360020154B70B5EF
:10D4C0001A68002A22D0EFF3108172B61068002883
:10D4D000FCD0BFF35F8F00200F4A596010701B68AB
:10D4E000BFF35F8F186081F31088002400250B4E76
:10D4F0003078FCF76FF8002804D1002400252900BB
:10D50000200070BD3078FCF771F8F8E7FA240025A8
:10D51000A400ECE7342C0020C0360020BF360020E9
:10D5200070B5040000200E0001F016FB002836D074
:10D53000002001F027FB002831D0FCF7B3FE0023C8
:10D54000184A12184B41802109068B4216D2164DFB
:10D55000280004F059FE002821D0002001F0FCFA38
:10D5600000280FD101200021404200F009FD0324D2
:10D570006442280004F000FE200070BD01220B4B25
:10D580005242E4E7002001F0FDFA0028EAD0210031
:10D590003200002001F000FB041EEAD1E7E703247B
:10D5A0006442E9E740420F00802E0020FFFFFF7F2A
:10D5B00010B5FCF777FE00230E4A12184B4180216C
:10D5C00009068B4202D301220B4B52420B4C200026
:10D5D00004F01AFE00280CD001200021404200F087
:10D5E000CFFC002001F022FB0028F5D1200004F040
:10D5F000C3FD10BD40420F00FFFFFF7F802E0020C3
:10D60000F8B5DE46574680B505000C00FCF74AFE2B
:10D610000023374A12184B41802109068B4202D35E
:10D620000122344B5242344908008A4604F0ECFD92
:10D63000002803D1C0BCBB46B246F8BD002001F0B3
:10D640008BFA00284AD00026002C43DD2B4B9B464A
:10D6500014E0A919002001F023FB0700012000219C
:10D66000404200F08DFC002001F0E0FAFCF71AFEC9
:10D67000224BF61918605960B4422BDD002001F0EE
:10D680002FFBA71B0200B84200DD3A00002AE0D1C0
:10D6900001200021404200F073FC002001F0C6FA96
:10D6A000002001F059FA002814D0002001F018FBE6
:10D6B0000028E1D1FCF7F6FD5B460F001A685B68B5
:10D6C000002184460E4812184B419F4202D8D3D104
:10D6D0009445D1D9504604F04FFDABE7002000211E
:10D6E000064B18605960504604F046FDA2E7C0465C
:10D6F00040420F00FFFFFF7F802E00209813002084
:10D7000020A1070030B52B4C85B00021200004F08B
:10D7100053FD00281CD1284B1A68002A16D0EFF3BD
:10D72000108172B610680028FCD0BFF35F8F01240F
:10D730002248596002781B68D2B20470BFF35F8F31
:10D740000020186081F31088002A17D005B030BD82
:10D7500001200021404200F013FC002001F012FAE9
:10D760000500200004F008FD002DEFD0144B1B68CD
:10D77000002BEBD0134A10689847E7E7FCF766FBED
:10D780000400FCF78FFDFA220023920012184B418F
:10D79000802109068B4202D301220B4B5242012108
:10D7A000029100210191094920000091FCF752FBF0
:10D7B000CCE7C046802E0020342C0020C03600204C
:10D7C0006C1C0020701C0020FFFFFF7FBDD40010E8
:10D7D000D02310B51B0684B01C68FCF737FBFCF7A0
:10D7E00035FCA04202D0002004B010BD2A4B00211D
:10D7F00000201B7801F070FD28480368002B47D0FB
:10D800000120FCF7B3F8FF23254C2649207018406F
:10D81000FBF706FF20780121FBF7CAFE0520FBF786
:10D82000EDFE002826D1082200211F48FDF764FFE5
:10D83000FCF70CFB0400FCF735FDFA2200239200F4
:10D8400012184B41802109068B4202D30122174B4B
:10D8500052420121029100210191154920000091BD
:10D86000FCF7F8FA0028BEDB12480121FFF746FC5E
:10D870000120B9E70120FBF769FE0B4B01001800FE
:10D88000FCF7D6F8002205200B49FBF71BFFEBE75E
:10D89000FCF7B2F8B4E7C046242B0110802E00201C
:10D8A000BF36002005D70010342C0020FFFFFF7F7B
:10D8B000BDD4001060110020ADD4001000487047A6
:10D8C0004029011000487047EC28011010B50400F1
:10D8D00017480378002B20D0002C06D1154B164892
:10D8E0004380063BFF3B038010BD052C19D8134B2A
:10D8F000A400E05812490123013804E001330A80F2
:10D900000231142B0FD0C25C002AF7D1C022DBB247
:10D910005B00920008481343E5E7112100F01AF874
:10D92000DAE70020E0E7CA2303489B00DBE7C046B4
:10D93000A036002009040000B41C0020D4280110E7
:10D94000B61C002010B5024800F0D8F810BDC04643
:10D95000582C002030B54B1E012900D1A7E0664AA3
:10D9600011780D092C0030349F2900D9A2E00470F1
:10D97000012B00D1BEE00F21147821400C0030347F
:10D98000092900D998E04470022B00D1B2E0547804
:10D990002509290030319F2C00D990E08170032B9C
:10D9A00000D1A7E00F2121400C003034092900D913
:10D9B00087E0C470042B00D19CE0947825092900ED
:10D9C00030319F2C00D97FE00171052B00D191E00F
:10D9D0000F2121400C003034092900D976E0447130
:10D9E000062B00D186E0D4782509290030319F2C00
:10D9F00000D96EE08171072B00D17BE00F2121401F
:10DA00000C003034092966D8C471082B00D171E0AC
:10DA100014792509290030319F2C5FD80172092B18
:10DA200068D00F2121400C003034092958D84472A5
:10DA30000A2B5FD054792509290030319F2C52D808
:10DA400081720B2B56D00F2121400C003034092954
:10DA50004BD8C4720C2B4DD0947925092900303154
:10DA60009F2C00D9073101730D2B43D00F2121408A
:10DA70000C003034092901D937310C0044730E2BC6
:10DA800038D0D1790C09220030329F2900D90732D1
:10DA900082730F2B2ED00F220A4011003731092A32
:10DAA00001D830321100C173102B23D01030002365
:10DAB000037030BD07345AE737310C0063E7073194
:10DAC0006CE737310C0074E707317DE737310C0024
:10DAD00085E707318EE737310C0095E707319DE781
:10DAE00037310C00A3E70731AAE737310C00C472C5
:10DAF0000C2BB1D1C018DAE7582C002010B588B033
:10DB000004000D2200216846FDF7F6FD0D220021DC
:10DB100004A8FDF7F1FD4B236A466846137004A97B
:10DB20000D2204F021FB1521082220006944FDF795
:10DB3000E9FD08B010BDC046F8B500F043F90C236C
:10DB4000194DFF22AB6705201849FBF7BBFD184CA8
:10DB5000402200212000FDF7CFFD402700230126B1
:10DB60002121144A66702783A260136063545F31D9
:10DB7000618445396354104A10496360E260278725
:10DB8000A1620B606362E26204F05EFB80239B058E
:10DB90002E64EB6490230A4A0120EA508022094B4C
:10DBA0005202DA64F8BDC04600001150050600209C
:10DBB000F42100208400105000011050800010500B
:10DBC00010D001000020115010B501210520FBF7F5
:10DBD000EFFC10BD10B500220021024800F012F940
:10DBE00010BDC04614220020044B1970002904D037
:10DBF00080219023024A8902D1507047B336002019
:10DC0000002011500B785B0602D14B78052B00D019
:10DC100070478A78014B1A60FAE7C046000011503D
:10DC2000F0B5C646C87800B58007830F1800012BF1
:10DC300060D08F780A794B797F213940FC091B022B
:10DC40004E001343334D32195201AA189770012721
:10DC50006740577000275B055B0DD7701383D07644
:10DC6000B846CA00012C32D02B4FBC468F0162440B
:10DC7000BC46AC446746BA6047461760002932D0BC
:10DC8000264AC90090466246414451603F223F33D4
:10DC90009343022837D0224937190A687F01D318E5
:10DCA0000B602049EF19FA608B422ED836197601A5
:10DCB000AD19EB7E1C499B064A4013438022120695
:10DCC00013436A681360012080BCB846F0BD174F4B
:10DCD000BC468F016244BC46AC446746BA624746C4
:10DCE0001760002908D1002364012C196360104BD0
:10DCF000E360E8E70020E7E70B4AC9009046624688
:10DD000041445162C2E75B00C5E7FCF711FDFA68C8
:10DD1000CCE7C046F42100208400105004001050CD
:10DD2000182C0020FF0F10500000105080001050E1
:10DD30000001105010B504F087FA10BD10B57F2017
:10DD40000C0020404000E409110000191A00034BA8
:10DD50004001C01800F056F8012010BDF421002049
:10DD60007F23180010B50840CA090B4203D10749A8
:10DD70007D3B9B1A8B66400080188022044B40013B
:10DD80000021C018120104F04FFA10BD00201150FC
:10DD9000F42100207F22130010B50B400A4200D16D
:10DDA00010BDC9095B005B1804485B01C018002363
:10DDB00000220349C37004F037FAF1E7F421002090
:10DDC000FFF7FFFF80220A4B520410B51A60094B7F
:10DDD00009491A6010000B689843FBD1802200218A
:10DDE00052010648FDF788FC0922054B5A6710BD11
:10DDF00000E0004000F0004008C00040000010506B
:10DE000000001150002310B5C38201338282837653
:10DE10000161040004F010FA002804D0802190234E
:10DE2000074A8902D150200004F0E6F9002802D008
:10DE30000123237710BD200004F0EEF9FAE7C04675
:10DE4000002011507047C0467047C0460020704700
:10DE5000002070477047C0467047C0467047C046B4
:10DE60007047C046024B5878431E9841C0B2704775
:10DE700060170020024B18784007C00F7047C0465B
:10DE800060170020F0B5D6464F464646C0B5314B28
:10DE900007009A461B780E00FF2B01D0012044E0BA
:10DEA000002941D0002154222B48FDF725FC0022F7
:10DEB0002A4C2B4B20001A70FBF79EFD294B1C604F
:10DEC000294C2000143CFBF7A5FD200001F00CFEBE
:10DED000264B274D1C60274B002B2BD02800FFF72B
:10DEE000BFFA254B2A781860244900248946224924
:10DEF0000023884610E043461B6862019B18002BF4
:10DF000012D05B68002B0FD098472A780134E4B216
:10DF1000511C2300A1420FDBA242ECD89B1A5B01EB
:10DF20004B445B68002BEFD10020E0BCBA46B14601
:10DF3000A846F0BD2A78D7E75346310038001F7055
:10DF4000FFF7FAFD0028EFD03800FFF73DFE012073
:10DF5000EBE7C046941100206017002058170020FE
:10DF6000B4360020B41700208C110020B817002010
:10DF7000B236002061D40010B0150020FC29011039
:10DF8000F0B5DE4657464E464546E0B5C84B91B023
:10DF900002931B78FF2B00D13EE1C64BC64E9B4639
:10DFA0005F46C64B0DAC0193C54B009335686A695B
:10DFB000EFF3108172B61368002BFCD0BFF35F8FB4
:10DFC000A9612800210001F0BDFB6A69AB69BFF3BC
:10DFD0005F8F0021116083F31088002800D11BE1BE
:10DFE0006378082BE2D89B00FB589F466368002BA0
:10DFF000DCD0A0689847D9E77F222179AF4D0A404D
:10E000005300EB189846C80980444046012330303D
:10E0100005799D430571057903339D430571002AF8
:10E0200000D100E14346A74A1B7D1278934200D3FA
:10E03000EFE0A54A5B011568ED18002D00D1EBE07B
:10E04000A36862792078AD69A847AFE79F4A137843
:10E05000002B00D1E0E01378013BDBB213701378A2
:10E06000002BA3D10122954D01212B7804201343CD
:10E070002B703423EA5C8A43EA54EA5C8243EA5414
:10E080000133EA5C8A43EA54EA5C8243EA54237827
:10E0900000209B4600F0A0FC602223791A40602AF1
:10E0A00000D1EFE0402A00D1F5E0DB06DB0E012BCA
:10E0B00000D113E1022B00D1C7E0002B00D0E1E03A
:10E0C000202A00D11CE2002A00D0DBE06379092B72
:10E0D00000D9D7E07E4A9B00D3589F46774D2B78D6
:10E0E000DB0700D462E7FFF7BBFE5FE7019BDB784D
:10E0F000DB0700D45AE76068FFF7A6FE56E76F4DCE
:10E100002B78DB0700D451E728780007C00FFFF712
:10E11000A5FE4BE723786A4999468B46694B6A49C5
:10E1200098468A4639001A7847460023B0460025AB
:10E130004E46894610E053461B686A019B18002B27
:10E1400000D176E0DB68300098473A780135EDB2CF
:10E15000511C2B008D4244DC9542ECD39B1A5B0191
:10E160005B44EFE7237858499946564B8A469846D0
:10E170003100BB464E461A780025002347468946A3
:10E180000FE053461B686A019B18002B55D0DB68D3
:10E19000300098473A780135EDB2511C2B008D4282
:10E1A00007DC9542EDD39B1A009A5B0194466344C9
:10E1B000EDE7019D542200212800FDF79DFA102271
:10E1C000FF214448FDF798FA28002022FF2114304F
:10E1D0004E465F46FDF790FA00F0F4FBFFF73CFE79
:10E1E000E4E6364D542200212800FDF785FA10227E
:10E1F000FF21281DFDF780FA28002022FF2114307E
:10E2000046464F46FDF778FA00F0DCFB2379AB7009
:10E21000CCE6501C984213DA11B0F0BCBB46B246B3
:10E22000A946A046F0BDA3686279207800F0E8FB1B
:10E23000BCE646464F46214DE6E74E465F46CBE7F5
:10E240001F4D9B1A5B015D19FAE67023217A0B4280
:10E2500018D1C80982460F330B405B009846194815
:10E26000EB1853441B7D00789946834266D21648CA
:10E270005B01006881469944002A00D15FE14B466A
:10E28000002B68D120780021FFF76AFD80212078DB
:10E29000FFF766FD8AE6104800F09EFB0121584614
:10E2A0000EAAFFF7C3F8002800D07FE6EAE7C046D1
:10E2B0009411002054290110B81700206017002085
:10E2C000FC290110B2360020B0150020B436002021
:10E2D00078290110641700202DD40010237A0F2B09
:10E2E000D0D8CF4AEB181B791578AB423ED3691CC6
:10E2F0009942C7DB5D1BCB4B6D01ED18686900F0DF
:10E300006BFB012158466B690EAA9847002800D084
:10E310004CE66022150023791D401A42B2D1637980
:10E320000A3B012BAED800F057FB63790A2B00D1D2
:10E3300099E158460EA900F0D9FA37E6431C4B453F
:10E3400000DAF7E04B461B1A5B019946B548814459
:10E35000002A00D1F3E04B46586900F03DFB4B46E4
:10E36000012158465B690EAA98479CE7AE4A5B01BB
:10E370001568ED18002DC1D184E7A37999466B7813
:10E380009945D6D06B78002B00D033E14B466B70AB
:10E39000002B00D12BE148460138C0B2FFF792FABA
:10E3A000002800D17EE143780793022B00D079E169
:10E3B0000122C179B1468B11491113400A40302125
:10E3C00012015B0113432A78A8468A4313432B703A
:10E3D00009239A4682445646BA46C37882781B027D
:10E3E0001343C31805938E4B04938E4B08938E4BA7
:10E3F00009938E4B0A93059BB34200D855E173787D
:10E4000001220B2B03D13378F278F6187378042BA2
:10E4100000D044E1059B00279B1B9BB20693049B05
:10E420000B921D78002303931BE0099A7B0115686A
:10E43000ED18002D00D132E1310058462B69069AC3
:10E4400098478446082803D9069A824200D313E1EC
:10E45000049B01371D78FFB26B1C03979F4200DDC0
:10E460001DE1BD42E1D8039B5D1B089B6D019C46ED
:10E470006544E1E76B780CAA023213705846012319
:10E480000EA900F049FA91E5E3881A0AD8B20F2ADA
:10E4900000D9F7E666499300CB589F460EA800F0D6
:10E4A000A1FA5846A179FFF795FB02222B78134376
:10E4B0002B707BE5E388012B00D0E3E608222B7864
:10E4C000584693430EA92B7000F010FA6EE5022017
:10E4D00029780CAB9A1C8B068908DB0F01400B4393
:10E4E0001380584602230EA900F016FA5EE5E38871
:10E4F000012B00D0C6E608222B7813432B7018E7B7
:10E50000237A0F2B00D9BDE6EB181D79444B1B78FD
:10E510009D4228D2444B6D011B685D19002D00D12E
:10E52000B0E6686900F058FA012158466B690EAAF6
:10E530009847B8E6002A00D0A4E6002399466279FD
:10E540000220130003928343012B15D0002A00D030
:10E5500098E62B004344534430331B790CAA9B07A5
:10E56000DB0F0232BCE75A1CAA4200DA8AE6ED1A37
:10E570002C4B6D01ED18D4E7E388002B12D1029BE0
:10E580001878039B012B23D0FFF7EAFB43460221B7
:10E59000EB18534430331A790A4301211A711A795E
:10E5A0000A431A714B46002B00D1FFE4586900F072
:10E5B00013FA4B4601215B690EAA58469847002082
:10E5C00000F00AFA3523EB5CDB0700D5EEE4B0E699
:10E5D000FFF7E0FB43460221EB18534430331A792E
:10E5E0008A431A711A7903998A431A71DAE7FFF795
:10E5F00033FC9EE600215846FFF7F6FA5846FFF72F
:10E6000099FBAB78074903930491054B064998465B
:10E610001A780591002329001D008A461BE0C04698
:10E62000B2360020FC290110B0150020741700201C
:10E63000A0290110059B6A011B689B18002B4DD077
:10E64000DB685846984743461A780135EDB2511CAD
:10E650002B008D422EDC9542ECD39B1A049A5B0171
:10E6600094466344ECE70CAB9A1C584601230EA970
:10E67000157000F051F999E40B9A012A4FD0002A45
:10E680003CD00023B07804E00133DBB20F71934239
:10E6900034D2C118C9B241440D79FF2DF4D04E4691
:10E6A0004546574600236B70ECE54E465746FFF74C
:10E6B000D1FB3EE65546542200212800FDF71CF808
:10E6C0001022FF21281DFDF717F828002022FF2126
:10E6D0001430FDF711F8039BAB7057E65546FAE787
:10E6E000FEF7A0FE021E00D1CCE5D37891781B0284
:10E6F0000B4358460EA900F00FF9D4E565463B00E0
:10E700002A0031000A9800F08DFEAC46049B039A63
:10E710001B7866440133934200DB6CE6BFE7174B7E
:10E7200029699942ADD1079AABE7FFF78FFB021E2B
:10E7300000D1A7E5584613780EA900F0EDF8B2E530
:10E740002189FFF7C3F8021EF4D19BE5022A0FD0FE
:10E75000FFF77EFB021EC8D194E5FFF7AFF8021E5B
:10E7600000D18FE5122358460EA900F0D5F89AE59E
:10E77000FFF7A8F8021EB8D184E5C046E5ED001009
:10E78000F8B557464E46DE4645460C00E0B5160045
:10E790001F00002A3CD01F4B00259A467023994643
:10E7A0001D4B9B4617E05B462000997800F0FCFD6E
:10E7B00000281FD021004046FFF732FA002819D068
:10E7C000A378DA09012A1CD00A9A0135137023783C
:10E7D000E418B5421CDA6378052B0BD1E3789B076C
:10E7E0009B0FBB4206D153464A461B789846A378F6
:10E7F0001A42D8D00020F0BCBB46B246A946A0467B
:10E80000F8BD0B9A013513702378E418B542E2DBAA
:10E810000120F0E79411002060170020702270B5ED
:10E82000094B0C001D788B781A4201D0002070BD76
:10E83000064B2000997800F0B7FD0028F6D02100A3
:10E840002800FFF7EDF9F2E794110020601700208F
:10E850000B007F2010B51840DB0934334000044A18
:10E86000C018044B1168C01800F05AFD10BDC04616
:10E87000B4170020601700200B007F2010B518404F
:10E88000DB0934334000044AC018044B1168C01837
:10E8900000F06EFD10BDC046B417002060170020C8
:10E8A00070B57F240F480C4064000419CD09641929
:10E8B00030342079C00701D5002070BD01262579AC
:10E8C0000948354300782571FFF738FA0028F4D15C
:10E8D00001222379934323712379033293432371D4
:10E8E000EAE7C046601700209411002070B5094C7B
:10E8F0000600082220000D00FCF704FF0023802101
:10E90000E360A3602B783000994300220023FFF7D7
:10E91000C7FF70BD40170020F8B5CE464746904669
:10E92000264E80B58146082230000D001F00FCF7FE
:10E93000E9FE4346B3600023F381EC79AB7924020E
:10E940001C43231CBC4200D93B1C9FB2B381002C4A
:10E950000ED0002F18D04346002B2CD03B1C402F4C
:10E960001BD89FB233787F2B1CD80021144A0FE0AC
:10E9700080212B780022994348460023FFF790FF1F
:10E98000C0BCB946B046F8BD7F2300223178994318
:10E990003B004846FFF784FFF2E740239FB23378FD
:10E9A0007F2BE2D9064C3A0041462000FCF7AAFE34
:10E9B00080212200ECE70020E2E7C046401700205B
:10E9C0000017002010B5142200210248FCF794FE25
:10E9D00010BDC04640170020014B18617047C0466B
:10E9E0004017002010B5054C010008222000FCF75C
:10E9F00089FE0023A360E36010BDC04640170020DD
:10EA000070B5384C1D0023780600DA09C9098A421E
:10EA100010D00020002D00D070BD21003000FFF785
:10EA2000F1F82369002B03D022000321300098471E
:10EA30000120F1E7A0687F2B05D8002834D02A00F8
:10EA40002949FCF75FFEE289A1685219E38892B276
:10EA50004919E281A160934214D03F2D12D9A389B4
:10EA6000981A051C80B240282AD82078ADB27F2899
:10EA700028D800219A4232D01B4A2B003000FFF7E1
:10EA80000FFFC9E72369002B05D0220002213000C7
:10EA9000984700280AD0802123780022994330002B
:10EAA0000023FFF7FDFEB7E70020B5E700213000A7
:10EAB000FFF756F930008021FFF752F90120ABE74C
:10EAC0004025D2E79A4207D0074C2A002000FCF7E5
:10EAD00019FE80212200D0E780210022CDE700220C
:10EAE000CBE7C046401700200017002070B5050096
:10EAF000FFF7B8F9002800D170BDFFF7BBF9002877
:10EB0000FAD1C8236B43124CE618F1780029F3D0F0
:10EB100010331C19200000F0FFFD3F28ECD9002025
:10EB2000F178FFF795FE0028E6D0200000F0F4FD14
:10EB30003F2808D9074BEA01D218F178402300207A
:10EB4000FFF7AEFED8E7F1780020FFF795FED3E798
:10EB500038160020B415002010B50400FFF782F924
:10EB6000002801D1002010BDFFF784F90028F9D159
:10EB7000C8226243024B01309B181B791840F2E710
:10EB800038160020C82310B543430248181800F077
:10EB9000A5FD10BD48160020F0B5C824C646802348
:10EBA00044431F4F1034050000B53C195B029A42E4
:10EBB00000D31C4A200092B200F012FE8046FFF7FC
:10EBC00051F9002803D1404680BCB846F0BDFFF79C
:10EBD00051F90028F7D1C8266E43BE19F378002BEF
:10EBE000F1D0200000F098FD3F28ECD90020F1780A
:10EBF000FFF72EFE0028E6D0200000F08DFD3F2814
:10EC000008D9094BEA01D218F17840230020FFF718
:10EC100047FED8E7F1780020FFF72EFED3E7C04685
:10EC200038160020FFFF0000B4150020F8B50600DC
:10EC3000FFF718F9002801D10020F8BDFFF71AF9F5
:10EC40000028F9D1C82474432500134F2435ED1949
:10EC5000280000F043FD0028EED03F190020B978CD
:10EC6000FFF7F6FD0028E7D00C4BF401E418210073
:10EC70002800402200F0B4FDB978051E08D003003A
:10EC800022000020FFF70CFE0028D5D02800D4E792
:10EC90000020FFF7F1FDCFE738160020F415002023
:10ECA00070B5C82444430C4B0500E41880235B0274
:10ECB0009A4200D3094A200092B200F059FE0600A1
:10ECC000200000F00BFD3F2801D8300070BD280067
:10ECD000FFF7ACFFF9E7C0465C160020FFFF00001D
:10ECE000C82310B543430248181800F015FD10BDA5
:10ECF0005C160020F0B50025184C83B0C822002116
:10ED00002000FCF7F9FC164B21001D70FF236371F6
:10ED1000E1235B02A360200008234022A373383163
:10ED20000095073B103000F0A3FC270001232100D1
:10ED300020002600402278310093B837243000F0BC
:10ED400097FCC0363800FAF757FE3000FAF754FE49
:10ED5000E56127622663656303B0F0BD38160020C5
:10ED6000341600200B4B196B00290AD01A6A002AAE
:10ED70000DD000221A621A63DA6100225A63012060
:10ED800070471A6A002AFAD0D9611962F7E71A6344
:10ED9000F3E7C0463816002070B50F4C052200215D
:10EDA0002000FCF7A9FC0D4D2B78DA0707D50C4C99
:10EDB0009B070CD50121200000F0B6FE70BD20009D
:10EDC000103000F091FE2B78054C9B07F2D4200008
:10EDD00000F08AFEEEE7C046381600203416002008
:10EDE0005C160020F0B54B79060083B0022B02D1EF
:10EDF0008B79022B03D00025280003B0F0BD214FF2
:10EE0000BB78002BF7D18B7809253B700C780C1957
:10EE10006378242B0BD1082A02D80FE0AA420DD325
:10EE20002378E4185D196378ADB2242BF6D0052B56
:10EE300008D0042B02D163790A2B11D00020FFF7F0
:10EE400055FED9E721003000FFF7E8FC0028D2D0BA
:10EE5000A3787B7023785D19E4186378ADB2E8E796
:10EE6000094B2778019301330093022202233000DB
:10EE7000E119FFF785FC0028BDD00E35ED19ADB2C4
:10EE8000DCE7C046381600203A160020F8B56023AB
:10EE900014001278050013400020202B07D1304ABF
:10EEA0006379277916781B023B439E4200D0F8BD58
:10EEB0006378222B1AD007D8202B34D0212BF6D1FF
:10EEC00001293ED00120F2E7232BF0D1012940D0C7
:10EED0000329F7D1234B002BF4D0E178A378090262
:10EEE0000020194300E000BF0120E0E7012930D0F5
:10EEF0000329E7D101252E00A378E4780239240202
:10EF00001C431471264024321000714000F00CFEA6
:10EF1000154B002BD6D06208002031002A4000E0BB
:10EF200000BF0120C3E701290BD00329CAD10F4B31
:10EF3000002BC7D0083200201100FEF797FA0120FD
:10EF4000B5E7072321002800094AFFF7E5FC012067
:10EF5000ADE721002800FFF7C9FC0120A7E7C04664
:10EF60003816002000000000000000006DD40010E2
:10EF700040160020F0B54F464646D646364DC0B541
:10EF8000EA781F0080460C00AB788A423BD08B4267
:10EF900010D00020E0BCBA46B146A846F0BD2F4BC9
:10EFA000002B04D02E4800F0AFFB002851D00020E9
:10EFB000FFF79CFDAB78A34201D00120EAE7294B83
:10EFC000002B02D0002000E000BF0020FFF72EFE43
:10EFD0000028F2D1244C200000F080FB0028ECD166
:10EFE000002FEAD0BF06E8D1243C4046A178FFF7C5
:10EFF0002FFC0028E1D0002300224046A178FFF733
:10F000004FFC0120C6E710239A46184EAA4431004F
:10F010005046BAB200F0ACFC154B002BBFD06B7958
:10F02000FF2BBCD0002FBAD0F219914603E0013675
:10F03000B145B4D06B7932789A42F8D1504600F09D
:10F0400063FB0028F3D15346103B597900E000BF21
:10F05000EDE700E000BFAAE738160020000000003E
:10F0600048160020000000005C160020B4150020A7
:10F07000000000009322F0B5134C85B00021200061
:10F080009200FCF739FB23002000802640270F4D1B
:10F090004D337600FF332930029500930022002380
:10F0A000002103970196FF3000F0D6F94035201D6E
:10F0B0002834002301220021039702950196009431
:10F0C00000F0CAF905B0F0BD041900208418002032
:10F0D00010B5054C200000F0F5F920002538FF3868
:10F0E00000F0F0F9012010BD2C1A002070B5084C7A
:10F0F000002520003130FF30257000F0F5FC2000A5
:10F100000C3000F0F1FC2A23FF33E554657170BD2B
:10F1100004190020F8B557464546DE464E46E0B590
:10F120004B7980460F00FF2B27D1424B0C78994634
:10F130002A234946FF33CB5C002B1ED14E79002E8B
:10F140001BD1BB783C190B703B79002B12D0982354
:10F150005B004B449A460C234B449B46A5186378AE
:10F16000052B05D110E02378E4186378052B0BD02C
:10F17000A542F8D8E01B80B200E00020F0BCBB46FE
:10F18000B246A946A046F8BDA542F3D921004046A3
:10F19000FFF744FB0028F0D0A3780136F6B2DB0974
:10F1A000012B29D0504600F09FFC2A234946A27823
:10F1B000FF33CA54637922791B0213431E4A5B054D
:10F1C00094465B0D942163445A4253414A460220BF
:10F1D0004900525C5B00824313434A4653545146F4
:10F1E0004046083900F0D6F90028C6D02378E41844
:10F1F0003B79B342B3D8BDE7584600F075FC5A4698
:10F20000A3780C3A5371637921791B020B430A49A5
:10F210005B058C465B0D634459424B4102201179DA
:10F220005B0081430B43594600200839137100F0FD
:10F230007FF9DBE70419002000FEFFFF70B5050031
:10F240002A201F4CFF30205C1E006379884203D0C7
:10F2500000208B421DD070BD9A235B00E35A002B27
:10F260000DD1184B002B04D000201749B2B200E09A
:10F2700000BF2800154900F08DF90120EBE72000C0
:10F28000962331305B00E158B2B2FF3000F070FBE2
:10F29000E7E70F4B002B04D031040020090C00E0FD
:10F2A00000BF0C4C2800210000F042F90028E4D1F6
:10F2B00032002100280000F007F90120CBE7C0460A
:10F2C0000419002000000000841800202C1A0020DF
:10F2D000000000000819002000B5030083B00029D9
:10F2E00010D00020012B07D80A78002A04D00B4840
:10F2F000C2540120012A01D003B000BD1800FEF75E
:10F30000C1FDF9E7012301A900200B80FEF7BAFD3A
:10F310000028F1D00122014B1A70EDE754170020AC
:10F32000037870B5DB0704000E00DD0F002B17D14A
:10F3300003785B0701D5280070BD012130004942E8
:10F3400002F04AFF2378DB07DD0F002B0AD1237878
:10F350005B0708D40422237801251343237002E0BD
:10F360000025E8E70025300002F006FFE3E7C0468D
:10F3700070B50C00012106004942200002F02CFF6C
:10F3800033785B07DD0F002B04DB200002F0F4FE76
:10F39000280070BD3378DB0704D40422337893430C
:10F3A0003370F2E70025F0E7437902791B0213433B
:10F3B000C2785B0592075B0D920F022A1DD0032ACB
:10F3C0000CD00020012A08D102394A425141124A88
:10F3D0009446614499424041C0B2704702394A1E86
:10F3E00091410E4A494211408022D20094460020A9
:10F3F000614499424041C0B2EFE7022905D00020A4
:10F4000040229A424041C0B2E7E7054A9818434279
:10F410005841C0B2E1E7C046FF03000040FCFFFFD7
:10F4200000FEFFFF8A1870B5914207D27F264C7804
:10F43000052C04D00C7809198A42F8D870BD340024
:10F440008D782C4064000419ED0963550C78091976
:10F450008A42ECD8F2E7C046F0B5C64600B582B0A5
:10F46000150008AA40CA040017880BAA12880120B8
:10F4700090460A0021780240814320001143217008
:10F480003A00009331000123083000F0F1F8002E1B
:10F4900001D0002F08D10A9B01206360434663809E
:10F4A00002B080BCB846F0BD26001C363000FAF72A
:10F4B000A3FA0023002D01D0330000266361A6616A
:10F4C000E9E7C04601207047F8B502240B78070031
:10F4D0001C4063425C41144B64421C40134B0800C7
:10F4E0009C4608300D001600644400F0F7F8002830
:10F4F00007D1002E05D0344203D101242B781C42C1
:10F5000001D00020F8BD38006978FFF7A1F9002884
:10F51000F7D02B781C42F4D1002300223800697800
:10F52000FFF7BEF9EEE7C04640FEFFFFFF01000017
:10F53000F8B50D000835060028000C0000F0CEF8E4
:10F54000002803D0012723781F4201D00020F8BDF6
:10F5500030006178FFF77CF90028F7D02800628836
:10F56000616800F03DF92378051E0BD01F42EDD1F4
:10F570000300626830006178FFF792F90028E5D057
:10F580002800E4E71F42E1D130006178FFF774F909
:10F59000DCE7C046F8B5CE46474680B58A89050007
:10F5A0000C000B78002A07D101261E423FD0002014
:10F5B000C0BCB946B046F8BD9B0734D5FE238026B3
:10F5C0001B029946B60027000837380000F0A4F85F
:10F5D0008642ECD80122237890461A42E7D12800CF
:10F5E0006178FFF735F90028E1D0380000F094F891
:10F5F000864231D84146237862881942D7D14B469A
:10F600001840061C904200D9161CB6B20022617840
:10F61000002E00D0626833002800FFF741F900286F
:10F62000C5D03000C4E7114B40269946CBE7497856
:10F63000FFF70EF90028BAD0227863881642B6D1B7
:10F6400000226178002B00D062682800FFF728F9BB
:10F650000028ACD06088ABE7424623781A42A6D196
:10F6600028006178FFF708F9A1E7C046C0FF000055
:10F67000F0B5C64600B5040006A805788020884687
:10F6800017001E000002824226D8E068002803D03E
:10F690000121494202F0A0FD2069002803D0012188
:10F6A000494202F099FD4346236073045B0CED036D
:10F6B0001D430023E0686381A780E5802381002843
:10F6C00001D002F059FD2069002801D002F054FD5C
:10F6D000012080BCB846F0BD0020FAE710B50489CF
:10F6E00041898288A3B288B28C4207D31B1A9BB28D
:10F6F000101C9A4200D9181C80B210BD5100091A82
:10F700005B189BB2F4E7C04603894089181A43424C
:10F710005841C0B27047C04610B5048941898288FB
:10F72000A3B288B28C4207D31B1A9BB200209A4224
:10F7300001D9D21A90B210BD5100091A5B189BB2C0
:10F74000F4E7C04670B5040000690E00002803D03D
:10F750000121494202F040FD25896089A288A9B2B1
:10F7600083B285422CD3CD1AADB2002D2ED0AA4241
:10F7700008D2914230D3891A8BB263819A4203D85E
:10F780009B1A9BB29A42FBD9E28821685204520C20
:10F7900053433000C918FBF7B5FF63890125591C95
:10F7A00089B2A2888B4213D900215200891A89B2EA
:10F7B00020696181002801D002F0DEFC280070BDC4
:10F7C0005500ED1A4D19ADB2002DD0D1618989B225
:10F7D00052009142ECDBE9E789188BB26381CDE7F7
:10F7E000F0B546464F46D646C0B506000069894684
:10F7F0009046002803D00121494202F0EDFC3189F6
:10F800007289B5888BB294B2914254D31F1BBFB298
:10F81000002F4AD0BD4205D2AB4251D25B199CB2F7
:10F820002F0074814346B8453DD89FB2A54203D806
:10F83000641BA4B2A542FBD9F28831685204520C71
:10F84000904662432B1B9BB2891842469F4225D9A2
:10F8500053439BB21A0048469A46FBF753FF434670
:10F8600048467D1B64195C4331685044A2B2FBF7E3
:10F8700049FF7189B588CB199BB26A00994216D9A4
:10F880009B1A9BB230697381002801D002F074FC8E
:10F890003800E0BCBA46B146A846F0BD48467A43B7
:10F8A000FBF730FFE5E73B1CBFE773899BB26A00BB
:10F8B0009342E7DBE4E76F003F1BDF19BFB2A7E726
:10F8C0005B1B9CB2ACE7C046F8B50400C0680E00F4
:10F8D000002803D00121494202F07EFC25892089BD
:10F8E0006189A288ADB283B28FB2884229D3DB1B73
:10F8F0009BB29A4209D8E779FF0906D1E06800284F
:10F9000001D002F039FC3800F8BD95421ED32B001F
:10F910009B1A9BB29342FBD2E28820685204520C9D
:10F9200053433100C018FBF7EDFE6B1C9BB2A2885D
:10F930009D4218D9002352009B1A9BB201272381B4
:10F94000DCE75100C91B5B189BB2D2E72B00E288B1
:10F9500020685204520C53433100C018FBF7D2FE0A
:10F960000135A288ABB252009342E7DBE4E7C04620
:10F97000F0B557464546DE464E46E0B51400050054
:10F980000F0083B0002A75D0C068002803D0012181
:10F99000494202F021FC2E89E9796A89AB88B6B226
:10F9A00092B2C90945D1964200D36DE059008A1A36
:10F9B000B21892B2002189469A4234D29A1A111C86
:10F9C00092B2A24200D9211C8AB29146EA8852041E
:10F9D000520C90464A46B21892B292464A46D21A01
:10F9E00092B2934634009E4203D3E41AA4B29C42DE
:10F9F000FBD24246624328681B1B9BB280184246DA
:10FA00004B4554D34B4639005A43FBF77BFEAB883A
:10FA10005B00564501D89A4503DB5246D31A9BB288
:10FA20009A4653462B81E868002825D002F0A4FBB3
:10FA300022E0E9884904490C88469C4227D2964234
:10FA400047D3B11A89B28C465800E11A89B28B4665
:10FA500061460919814208DBD11889B20E1BB6B282
:10FA60008A46B2423BD9361AB6B2A21992B292462F
:10FA7000A146B7E700239946484603B0F0BCBB4611
:10FA8000B246A946A046F0BDB21A92B292E7002152
:10FA90008946002BC7D04146E41A4C431600D118C2
:10FAA000002289B28A46994693463F199AE7534302
:10FAB0009BB21A0039005C440193FBF723FE4146D8
:10FAC00022004A43019B286892B2F918FBF71AFEFC
:10FAD0009DE75800811A711889B28C46B5E7A14696
:10FAE000B04200DD7EE7BEE710B50400C068002824
:10FAF00003D00121494202F06FFB2069002803D0A6
:10FB00000121494202F068FB0023E0686381238100
:10FB1000002801D002F030FB2069002801D002F05B
:10FB20002BFB012010BDC04670B50400C0680D005D
:10FB3000002803D00121494202F04EFB2069002831
:10FB400003D00121494202F047FB7F21E379ED0117
:10FB50001940E0682943E171002801D002F00CFB54
:10FB60002069002801D002F007FB012070BDC046CB
:10FB7000014B186019717047EC210020054B187972
:10FB8000002806D01A68013811781871080001326F
:10FB90001A607047EC210020F8B505001E480C00E3
:10FBA0000860290017001E0000F056F8002806D152
:10FBB0001A482900206000F04FF8002827D02900BB
:10FBC000206800F091F800213060206800F028F8EB
:10FBD000069B40B23860002B14D0104B22689A422A
:10FBE00012D00A2509242000F9F744FD002807D087
:10FBF0002800F9F73FFD002801D0002003E02C0089
:10FC0000069B1C600120F8BD08250724EBE70123B3
:10FC10005B4200203360F6E70000305000002050C7
:10FC200010B50A4B0A4AC418240DA40082B00092F1
:10FC300008482200E31CF9F72FFC844202DC001B79
:10FC400002B010BD01204042FAE7C0460000E0AF1C
:10FC5000D42301107C1C002070B50D000400F9F7BE
:10FC6000E3FB1F4A1F4B944601226444240DA40069
:10FC7000E65805212C792023A2406956013A1B1B26
:10FC8000002913DB002499420CDC13008B401E4238
:10FC900008D1AB79002B05D18A401400344063426F
:10FCA0005C41E4B2F9F7CCFB200070BD002B0BDB0C
:10FCB000110099400E4205D10DE014009C4019003E
:10FCC000264203D0013BF8D20024EBE7AB79002BAE
:10FCD000E2D00024E6E7AC7963425C41E4B2E1E7BC
:10FCE0000000E0AF7C180020F0B55746DE464E46D7
:10FCF00045468846E0B583B006000524F9F794FB35
:10FD0000434684461C571879364B374AF3181B0D67
:10FD10009B009246D75801228240013A002C42DBD8
:10FD20002021091A8C423BDC1100A14025000F4222
:10FD300036D14146096889464146897900294DD125
:10FD4000AA4093463A423FD1802189010022884649
:10FD5000002816D06146A44634004E46994603005A
:10FD600001915100705A404500D240195119123189
:10FD70008900013208519342F3D8019B64469C46A6
:10FD80004B465A4617435246D7506046F9F758FB40
:10FD9000200003B0F0BCBB46B246A946A046F0BD69
:10FDA00001246442F1E72024241A0DD41100A1405B
:10FDB00025008B46394205D109E01100A1402500FC
:10FDC0000F42B6D0013CF8D209246442DDE7424636
:10FDD0001268914642469279002AB5D014246442B2
:10FDE000D3E7C0460000E0AF7C180020F0B5DE4647
:10FDF00057464E464546E0B51600DC22924685B091
:10FE00001C004B0002935B18DB00C518AA44524645
:10FE1000834628001268CC30009202682B000192C1
:10FE20001B4A80209446800263441860002C1DD039
:10FE30008023DB0499460123D83598462B00E02720
:10FE400055469A463F0203912000FAF74FFD4A4675
:10FE5000430113432B6033004246C34013405246D4
:10FE60003B431360631E1C40EED10399029B5B1859
:10FE7000DB005B441A000099DC321160019ACC333C
:10FE80001A6005B0F0BCBB46B246A946A046F0BD1C
:10FE9000CC300000F0B5DE4657464E464546E0B54C
:10FEA0001600DC22924685B01C004B0002935B18C2
:10FEB000DB00C518AA445246834628001268CC309D
:10FEC000009202682B0001921B4A80209446800217
:10FED00063441860002C1CD08023DB049946012366
:10FEE000D83598462B0055469A46144F039120006A
:10FEF000FAF7FCFC4A46430113432B6033004246A9
:10FF0000C340134052463B431360631E1C40EED176
:10FF10000399029B5B18DB005B441A000099DC32FA
:10FF20001160019ACC331A6005B0F0BCBB46B246F2
:10FF3000A946A046F0BDC046CC30000080E00000DD
:10FF4000F0B54E464546DE465746E0B583B0894695
:10FF50000CA984460D781F2A45D849464900884691
:10FF60004944C900461837003400DC373868CC34BF
:10FF700083462068310001901C4880248246A402F8
:10FF800051440C6069424D411E216D428D43184918
:10FF90008A465544052B0CD9A0201F214005D83690
:10FFA000540104430532053B3C600A403560052B93
:10FFB000F6D852019B06134342464A44D20062449B
:10FFC0001000DC3213600300D8331D605B46136001
:10FFD000019BCC300360002003B0F0BCBB46B246AE
:10FFE000A946A046F0BD05204042F5E7CC30000010
:10FFF0009FE00000F0B501258D400468AC4304602B
:020000041001E9
:10000000002B2ED04D006C18E400041926001F6848
:10001000C83637609F68043677605F68DB68DC3419
:10002000376023606B18184DDB00AC468025C41880
:1000300064442D0625602560144C0D1D8C408460A1
:1000400001242600AE40802508318C401F21AD01DF
:100050004519C0180A40D8302E602C60026000207C
:10006000F0BD4D006C18E400041926008027C83646
:100070007F023760C0273F03B760F82704367F024E
:10008000DC3437602360CDE7D010000001010101AE
:1000900010B5104B1A78012A05D10F490F4C08787A
:1000A000215C91432154002201211A700C4B0D4A0E
:1000B0001B6810680433DBB299400B4B42001B688D
:1000C000121892009B18094A002094466344196054
:1000D000002110BDC53600209C1100206C2100209D
:1000E0007C2E0020F4250020402C00202C21000034
:1000F000F0B54E46DE4657464546E0B5D14E89B08E
:100100003378032B00D135E200D9BFE1002B00D1B9
:10011000BCE0012B00D08BE2CB4DCC4C2A6851685F
:10012000226808329340194200D084E1C84B0593FD
:100130001B689846C74B9946C74B9A46C74B0693D0
:100140003CE0002800D171E37F2383428941C44A07
:1001500049421170C14A03401370BF4B1870059B90
:100160001B689846F9F772FE4146F9F735FFF9F733
:100170006DFE8046FAF796F8FA22002392001218D4
:100180004B41802109068B4202D30122B54B5242DA
:1001900001218B46029100210191B3494046009113
:1001A000F9F758FE5946059A2B6810605A6823687B
:1001B0008046083399400A4200D03CE1F9F746FEF8
:1001C0004146F9F709FF21682A680B0008339B00B4
:1001D0009858136BC00DDB0600D52BE2FF2800D921
:1001E00028E24B464F461B780133DBB23B70012BB4
:1001F000A7D0534652461B78C0B2C318137001F003
:100200004BFB069B3A781B7802339A42A7D15346A0
:100210001978002900D135E32868944D2468AC464C
:10022000802563001B19DB00C21862442D0615608F
:1002300015608F4AC31815681A00D8321560CC3380
:100240001A68002AFCDB22000123103293401D00B3
:10025000426815401342FAD14A1E9141A400041984
:1002600025611D00426815401342FAD1059B2161AA
:100270001C683570F9F7EAFD2100F9F7ADFEF9F7D2
:10028000E5FD0400FAF70EF82C22BFE0704B1C6865
:100290000593F9F7DBFD2100F9F79EFE6B4C012178
:1002A0002268694D94466046083081402B685A6840
:1002B000114204D18000C2585A681142FBD001217A
:1002C00062460F001032974058683A000700174006
:1002D000B94610427ED101F03BFA664B9846187041
:1002E000002800D024E2644B1B789846002B00D0F5
:1002F00012E201F0A9FA011E00D10DE25F4B99460E
:100300001B780133D8B202001B0601D5012201205F
:100310004B461A705A4B81229C4609E0431CD8B2C6
:100320001B0600D50120013A002A00D1CBE2884605
:1003300063461B5CDB07F1D54346002B01D04B46DF
:100340001870012124682A68231DDBB299404D4BA7
:100350001D686B005B194C4D9B00AC46434DD31898
:100360006344AC468025196063001B19DB00D1187B
:1003700061442D060D600D603D49D3180D681900CC
:10038000D8310D60CC3319680029FCDB2100012332
:1003900010318B4051680B42FCD10121A400802513
:1003A000141921617F3101438C466D000D432DB23C
:1003B00051680B42FCD125611D0051680D400B4274
:1003C000FAD16346236101233370224B1D7001F083
:1003D00063FA0DE062460432D2B29140294A1068B5
:1003E0004200121892009B18274A944663441960F1
:1003F000059B1C68F9F72AFD2100F9F7EDFDF9F7D7
:1004000025FD0400F9F74EFFFA229200002312188E
:100410004B41802109068B4202D30122114B5242EB
:1004200001210291002101910F4920000091F9F76B
:1004300011FD059B186009B0F0BCBB46B246A94649
:10044000A046F0BDC5360020402C00207C2E0020A8
:10045000501B0020C1360020C2360020C4360020C8
:10046000C3360020FFFFFF7F91000110D010000075
:10047000FC250020C6360020BA3600209C11002042
:10048000EC200020F42500202C310000042B13D197
:10049000D74CD84D2268296894464A680120914675
:1004A0006246083290408246102083460F388046CC
:1004B00057464846384247D0CE4ACD4D9046CE4A60
:1004C000CE4F9146022BB6D10124434621001B6832
:1004D0005A682B68103399400A42ACD13B689A465F
:1004E000F9F7B4FC5146F9F777FD434629681B68D4
:1004F00008318C405A68224204D18900CA585A688F
:100500002242FBD001F052F943462A6819680432AE
:10051000930058504B4648461B78013BDBB20370B2
:10052000002B4FD03378CDE7FF2814D8C0B201F0AC
:100530005BFA236829681A009C46434608329340B8
:100540004868184200D0CEE0920050585A460B6BD3
:10055000C00D1A42E8D010230B6363465B0063446E
:10056000DB00C918A64B9C46802361441B060B6028
:100570000B6060E79F4D9E4C2B68226859680123F1
:1005800008329340194200D055E79C4B1F68F9F799
:100590005DFC3900F9F720FD22682B681100083155
:1005A0008900C958186BC00600D59EE0C80D002907
:1005B00000DA9AE0002800D09DE001F019F92B68DC
:1005C000226898E00123D2B293401A008D4B18683C
:1005D00043001B189B00C9188B4B9C468B4B6144F6
:1005E0001C780A60002C47D03C68F9F72FFC2100EA
:1005F000F9F7F2FCF9F72AFC0400F9F753FEFA22A6
:100600000023920012184B41802109068B4202D32D
:1006100001227F4B524201210291002101917D492B
:1006200020000091F9F716FC03233860337002E7CD
:10063000022341E7102372481363844680204B0055
:100640005B18DB00D31863440006186018600023B1
:1006500004313370CBB2012199406A4B18684300D2
:100660001B189B00D3186C4A94466C4A634419606B
:10067000136801331360DEE601F0BAF834703C68A9
:10068000F9F7E4FB2100F9F7A7FC43461B68DA6899
:100690002B68DB00DA400F2313402C2201335A432E
:1006A000002306920793F9F7D1FB0400F9F7FAFD4E
:1006B000069A079B12184B41802109068B4202D3F0
:1006C0000122534B524201210291002101915149D3
:1006D00020000091F9F7BEFB0122514B52421A60F3
:1006E00038603378EEE63378E6E610214B4819633C
:1006F00001680131016000210432D2B23170013150
:100700009140404A10684200121892009B18424AD9
:100710009446634419608EE6012123680433DBB2FA
:100720009940384B1B685A00D21892002B685AE641
:1007300001F03CF801F03AF8344B9A46187001F099
:100740007DF8374F3B68984200D18AE04A46354BE6
:100750001A7001F073F802233370434638601F7833
:100760007B1EDBB29C46002B00D19DE02068244C10
:100770004100A14680242A680918C90053184B4437
:1007800024061C601C60284B51181C680B00D833D1
:100790001C60CC310B68002BFCDB0300012164469C
:1007A00010339940013C53681942FCD1051DAB0040
:1007B0009C5002230120ECB2A040124C81462468D8
:1007C0001548A4466400644484464846A4001419AD
:1007D00064442060504680240078640004435068DC
:1007E0000142FCD1AD00AC504246023F177063E6B7
:1007F0007C2E0020402C0020C6360020501B0020FC
:10080000D0100000F42500202C310000B736002065
:10081000FFFFFF7F910001102C210000E820002045
:1008200098110020C7360020FC2500200431C9B2F1
:100830008B4035493070086841000918890052180A
:1008400032498C4662441360314B324A1B78D25C89
:10085000D20700D4EFE501202F49CA5C0243CA54F5
:10086000E9E52E4A1378591C1170032B00D870E764
:1008700000F0BEFF53467F211B7829481940FCF742
:1008800079FDD8E5274B187801F020F8204B214A54
:100890001B78D25CD20704D501201F49CA5C0243F1
:1008A000CA5453461978B7E400211F48FCF762FD8B
:1008B000434620681F7803000121103399402A68BD
:1008C0003378051D76E74B46012118702368043301
:1008D000DBB299400C4B1B685A00D2182B6892006F
:1008E0009B18124A944663441960059B1C68F9F7EB
:1008F000ADFA2100F9F770FBF9F7A8FA0400F9F74F
:10090000D1FC0B4A82E5C046F42500202C210000D2
:100910009C110020EC2000206C210020C736002014
:10092000F8230110C3360020002401102C310000F0
:10093000A086010030B589B004000D0001F0E4FB91
:10094000102828D823002A0017496846FCF76AFABD
:10095000684601F0D9FB0500C4B22100684601F0E9
:1009600051FA280000F084FE002818D0002000F082
:10097000ABFE8020204300F0A7FE002D07D06C4680
:1009800065192078013400F09FFEAC42F9D100F0E7
:10099000BDFE09B030BD0548FCF7ECFCF9E70448A2
:1009A000FCF760FCF5E7C0465C240110342401101C
:1009B0006424011030B589B0040001F0A5FB1028B3
:1009C0004ED801222A4B2B491A7068462200FCF7A8
:1009D00029FA684601F098FB0500C4B22100684678
:1009E00001F010FA280000F043FE00283CD000205F
:1009F00000F06AFE8020204300F066FE002D07D044
:100A00006C4665192078013400F05EFEAC42F9D1E5
:100A100000F07CFE0A20F9F79BFB00220121164B17
:100A20001A70164B04321A70154B164A1B68106860
:100A30000433DBB29940144B42001B681218920039
:100A40009B18124A944663441960114B1C68F9F7CD
:100A5000FDF92100F9F7C0FA00F0B2FF09B030BD8E
:100A60000C48FCF787FCF9E70B48FCF7FBFBD1E7E8
:100A7000BA36002074240110CB360020C536002081
:100A80007C2E0020F4250020402C00202C3100007A
:100A9000501B0020342401106424011070B5002480
:100AA0000E4B1C7000F08CFF012005000C4B0D4913
:100AB0001C700D4B0C681A681B7861009D400B4B35
:100AC00009191B6889005B18094904328C46D2B2A7
:100AD000904063441D60186070BDC046BA36002067
:100AE000C5360020F42500207C2E0020402C00205C
:100AF0002C210000014B18787047C046BA36002000
:100B0000F0B5C646374B06001B780F0000B5002B2A
:100B100002D180BCB846F0BDCBB25D1C0233DBB263
:100B20009846EDB2002B4ED02F4C304BA44680247B
:100B30001A682F4B2406186843001B18DB00D118D5
:100B400061440C600C602B49D31809688C4619006D
:100B50006446D8310C60CC3319680029FCDB0300F3
:100B60000124414610339C40013953681C42FCD19A
:100B7000031D9B00995053681C42FCD183009C4686
:100B8000944463461D61002F2AD0F71931784D191E
:100B9000EDB253681C42FCD1634601361961B7427D
:100BA000F4D16D42EDB253681C42FCD16346C100E2
:100BB0000F201D61D368CB401842FBD12C200021AF
:100BC000F9F7B2FAA5E700210B48FCF7D3FB074B76
:100BD00001241A68064B1868030010339C40CAE7CA
:100BE0000125DEE7BA360020D0100000402C00209E
:100BF0007C2E0020FC25002000240110F0B5C64604
:100C00003A4B06001B780F0000B5002B02D180BCC8
:100C1000B846F0BD8025CC1C6D420D43E4B2EDB268
:100C2000002C54D0324B33481A68334B80461B6833
:100C300080209C465B006344DB00D11841440006E1
:100C4000086008602D49D31808681900D831086079
:100C5000CC3319680029FCDB6346611E0124103384
:100C60009C4053681C42FCD1634604339B0099505E
:100C700053681C42FCD163468021980080231018E1
:100C80005B003943036189B253681C42FCD10161A6
:100C9000002F29D0F71931784D19EDB253681C4255
:100CA000FCD101360161B742F5D16D42EDB2536816
:100CB0001C42FCD163460F210561D800D368C340B4
:100CC0001942FBD12C200021F9F72EFA9FE70021D1
:100CD0000B48FCF74FFB064B01341A68064B1B68A8
:100CE0009C4610339C40C3E78025DEE7BA360020DF
:100CF000402C0020D01000007C2E0020FC2500207D
:100D000000240110002370B50370050000F0AAFE56
:100D1000041E02D000F088FE2870200070BDC0467E
:100D200010B5002805D1002917D00E48FCF79AFA13
:100D300010BD43B2002BFBDBEFF3108C72B6012425
:100D4000094A2140135CA3430B431354074A135C25
:100D5000A34313548CF31088EAE70548FCF782FAA2
:100D6000E6E7C04678240110EC2000206C2100202A
:100D70008024011030B5EFF3108C72B600230120EF
:100D80000225084A084CD15C8143D154E15C81437F
:100D9000E154D15CA943D1540133802BF3D18CF3BE
:100DA000108830BDEC2000206C21002070B50400BC
:100DB0000E001500002819D043B2002B15DB1000DF
:100DC00000F056FC00281AD0200000F07DFC28001E
:100DD00000F07AFC002D06D00024305D013400F0D4
:100DE00073FCA542F9DC00F091FC70BD11003000ED
:100DF000FEF7BEFE29003000F8F782FAF5E7024858
:100E0000FCF730FAF1E7C04664240110F8B507009A
:100E100008000C0001F078F9C5B2002F1CD07BB29D
:100E2000002B18DBFF260640300000F021FC0028D4
:100E300017D0380000F048FC8020284300F044FC24
:100E4000A519002E05D02078013400F03DFCA54204
:100E5000F9D100F05BFCF8BD29002000F8F76CFA2E
:100E6000F9E70248FCF7FEF9F5E7C04664240110F3
:100E700070B50D000600FEF77BFE3000290000F083
:100E8000BFFF280000F0F4FB002811D0002000F084
:100E90001BFC280000F018FC002D06D00024305D5B
:100EA000013400F011FCA542F9DC00F02FFC70BD0C
:100EB0000148FCF7D7F9FAE764240110F8B50400FB
:100EC00001F022F9FF250600C7B2390020003540A5
:100ED00000F098FF280000F0CBFB002812D0002083
:100EE00000F0F2FB8020384300F0EEFB002D06D02E
:100EF00065192078013400F0E7FBAC42F9D100F02D
:100F000005FCF8BD0148FCF7ADF9FAE764240110CF
:100F1000F0B5DE464E4645465746E0B5534BC1B0A8
:100F2000994600F0EBFC8046031E39D043463F272C
:100F30001F4000F019FD023F8246002F00DC7BE0DD
:100F4000EB4600255C465E4600F00EFD0135307034
:100F50000136AF42F8DC43467F2B57DD80215346F4
:100F6000494219434846C9B2FCF704FA00252078E3
:100F70000135FCF72BF90134AF42F8DC0A20FCF70D
:100F800025F95A4600235946D3555046FAB200F087
:100F90003DFF00F00BFD00F0B1FC8046031EC5D103
:100FA00002339946324B01249846324D324E334F2C
:100FB0000CE002230B430121335500F029FF2100EF
:100FC0003800FCF7D7F90134802C18D02B5D315D47
:100FD000DB078A07DB0FD20F9A42F4D02B5DE0B219
:100FE000DB07E6D44B4699433155002100F010FF52
:100FF000210040460134FCF7BDF9802CE6D141B018
:10100000F0BCBB46B246A946A046F0BD5146484694
:10101000FCF7B0F90025217848460135FCF7AAF91C
:101020000134AF42F7DC0A20FCF7D0F859465046AD
:10103000FAB200F0E9FEACE743467F2B08DD8021E1
:1010400049420143C9B20948FCF794F9EB4695E7D8
:10105000EB4651460548FCF78DF90A20FCF7B6F837
:1010600059465046FAB200F0CFFE92E788240110AC
:10107000982401106C210020EC2000209024011005
:101080000FB4F0B5C64600B592B018AB04CB02ACB5
:10109000402120000193FBF7DBFE2378002B27D0B3
:1010A000174E184D3268184F0AE0FF2149008A4256
:1010B00003D8511CAB540A0031602378002B17D0A1
:1010C00001340A2BF1D1002329003800AB54984693
:1010D000FCF750F9280001F017F82900C2B20020EF
:1010E00000F094FE4346336023780022002BE7D1C2
:1010F00012B080BCB846F0BC08BC04B01847C0466B
:10110000A81C002004260020A0240110F0B54F46A2
:101110004646D646C0B58D4E86B033789946002BEC
:1011200005D006B0E0BCBA46B146A846F0BD00F016
:1011300047FC874D874C884F884B2A002100884800
:1011400000979846FEF728FD002800D1F9E04346B5
:101150001A6880235B020293531C09321203DB01DD
:101160001343804A29681340C022D20513430393D6
:10117000C0231B0304938023DB0505934B461422F5
:10118000206800930123FEF7DBFE774B21689C4625
:101190006144090D06311420C9B2F8F7D9F80022CC
:1011A00001211420F8F7EEF8059A704B29681A40CF
:1011B000A0231B0313430593039A6D4B20681A4029
:1011C000A0235B0513430393049A6A4B1A408023C0
:1011D000DB0213430493C0230022DB03FEF706FE69
:1011E000C023002229682068DB03FEF753FE5E4B14
:1011F00021689C466144090D06311520C9B2F8F7F3
:10120000A7F8594B21689C466144090D0631162008
:10121000C9B2F8F79DF8002201211520F8F7B2F8BD
:10122000002201211620F8F7ADF8049A524B5348DA
:101230001A4080231B0313430493059A504B1A4012
:10124000504B13430593434619681F230A000A3283
:101250001A4002604C4A0B4005201360F9F75EF912
:10126000FAF7CCF94949FAF7AEF9EC218905FAF712
:10127000A7F98246FAF7EAF983B299460022002BD1
:101280004FD14B461B0413430293434629681A6807
:10129000206802ABFEF7AEFE0123984640462B685D
:1012A000226898400300116838680B43136038497E
:1012B0008022F8F707FA38680121F8F779F92368EE
:1012C000294A39689A18501E824152000732314F1C
:1012D0008A1A29683A604A005218D2009B182E4A8E
:1012E00094468022634412061A601A6000F068FB7C
:1012F00040462B782A6898403B6804325900C91848
:10130000236889005B182549D2B28C466344186073
:1013100000202349087041469140196043463370CC
:10132000FFE61800FAF76AF9011C5046FAF745F98A
:101330008721C905FAF75BF9FAF788F9C2B21202F8
:101340009FE71848FFF79CFEEBE6C046BB3600203F
:101350007C2E0020402C0020442C00203C2C00201F
:101360003C2A0110FFFFFF9F0000E0AFFF7FF0FF6E
:10137000FFFFFFE0FFFF0AFEFFFFF5C1FC25002095
:1013800000800FE0D5561004F82500200024F44911
:10139000F1000110F4250020D01000002C210000E5
:1013A000C5360020A824011002781300303BDBB2C0
:1013B000092B01D9373AD3B2427810003038C0B285
:1013C000092801D9373AD0B21B01C018C0B2704702
:1013D000F0B5C1B000F0BCF905000020002D01D12E
:1013E00041B0F0BDEF1E00F0E1F9FFB2022D17D0C1
:1013F00002236E465B426B449C4634006544EDB26A
:1014000000F0D4F920700134E3B29D42F8D10137E5
:1014100000F0CCF930003900FFF772FB0120DFE764
:1014200000276E46F4E7C046F0B5037804000D00CF
:10143000C1B0212B2FD0364A1278002A2ED03A2B59
:101440002CD1153BFC22002101A80093FAF754F996
:101450006B1E9C460120022D52DD01226E46A15CCE
:10146000451C0B00303BDBB2A718EDB2092B01D9AC
:101470003739CBB27F781B0139003039C9B209291D
:1014800015D93900023237395B18D2B2335494453A
:1014900013DD2800E3E74378462B22D0200000F03C
:1014A00033FE01002000FFF72BFB41B0F0BD0232FC
:1014B000C918D2B231549445EBDC280000F0D8F8BA
:1014C000002819D06B1E002D08D06A460132D418AE
:1014D0003078013600F0F8F8A642F9D100F016F99C
:1014E000E3E701390130FFF789FB0022094B0120B6
:1014F0001A70F8F72DFED8E70748FBF7B3FED4E7DC
:1015000000F0B6F80028F7D000236E46DDE7C046AD
:10151000C9360020CB360020CC240110014B1870B6
:101520007047C046C9360020F0B583B06B463A4DCF
:101530003A4E3B4FDC1D2000FFF7E4FB00280DD0A6
:101540002B782178002B01D058292ED03000FBF7C2
:1015500011FF2000FFF7D6FB0028F1D12B78002BDC
:1015600021D02F4C2378002B32D02E4D2E4B696882
:101570005A6A2868914216D89B6A834201D29142E6
:1015800011D02A4B1968013119600A292BDD28482E
:10159000FBF768FE00F014FA00232370254B1A684D
:1015A0005B682A606B6003B0F0BD3B78002BC2D053
:1015B00000231E4A3B70136000F01AF900F044F853
:1015C00080239B009842B6DD1B48FBF74BFEB2E739
:1015D000FFF7FEFE00280AD1124B164A1068516828
:1015E00018605960DFE71548FBF7C4FED4E7012314
:1015F00000252370F8F756FE114C0A4A001969417C
:101600000C000B00802109068C4202D301200D4BF7
:10161000404209C2C7E7C046C9360020EC24011089
:10162000CB360020A013002000400540142C0020E1
:10163000F424011090250110E8240110F824011071
:10164000A0860100FFFFFF7F074A084B10681B6858
:10165000C01A03D580231B019C4660440238C34353
:10166000DB1718407047C04688360020A4110020C0
:101670000F4B104A1B681268D21A03D5802109014A
:101680008C4662440130904210DA0B495A1C8C4659
:101690006344591E8B415B421A40084B01201A607B
:1016A0000022074B1A60074B1A6070470020FCE7C6
:1016B000A41100208836002001F8FFFF9C3600208E
:1016C000983600209436002010B50B4C0B49A446E8
:1016D0000B680B4AD0545A1C63445C1EA3415B4206
:1016E0001A400A60074A136801331360064A1368F8
:1016F0001B18136010BDC04601F8FFFF9C36002088
:10170000882E002098360020943600200A480B4985
:101710000B4A03680968D1540A490B4B09681B68D6
:101720004942D15409495A1C8C466344591E8B4185
:101730005B421A4002607047A411002098360020D6
:10174000882E0020943600209C36002001F8FFFFF0
:101750000F4B104A1B681268D21A511E01D50E4950
:101760005118002911D00D495A1C8C466344591E4A
:101770008B413F205B421A40094B1A60094B9B5C2E
:101780001840094B0230186070470020FCE7C04643
:1017900088360020A4110020FF07000001F8FFFF99
:1017A00090360020882E00208C3600200C4910B581
:1017B0000B68002B11D00B4C0B482268013B805C5E
:1017C0000B60002B08D00949531C8C466244511E03
:1017D0008A4152421340236010BD0020FCE7C046FE
:1017E0008C36002090360020882E002001F8FFFF64
:1017F0000E4870B503680E4D2E68002B14D03100D2
:101800000022013B002B06D10360002A0CD0296086
:10181000084B196070BD084A01318A18541EA24154
:10182000524211400122ECE73100F1E78C360020F2
:10183000903600208836002000F8FFFF014B186822
:101840007047C046883600200E4B0F4A1B6812684E
:10185000D21A03D5802189008C466244212A0EDDEC
:101860000A495A1C8C466344591E8B415B421A40FC
:10187000074B01201A600022064B1A6070470020B7
:10188000FCE7C046A0110020602E002001FEFFFFF3
:10189000702E00206C2E00200849094A0B68D05495
:1018A00008485A1C84466344581E83415B421A40D0
:1018B0000A60054A1368013313607047702E0020D8
:1018C000602C002001FEFFFF6C2E0020074B1A68E1
:1018D000002802D080210A431A600549054B086898
:1018E0001A54054B1B680B607047C0466C2E0020D5
:1018F000A0110020602C0020702E0020144B154AEF
:101900001B68126810B5D21A511E01D51249511820
:1019100000291AD080215A1C89008A420FD00F4911
:10192000885C991CFF3BFF3B5C1EA3413F225B424E
:10193000024019400A4B1A600A4B196010BD3F2241
:10194000064B012118780240F4E70020F6E7C04674
:10195000602E0020A0110020FF010000602C00205C
:10196000642E0020682E00200C4910B50B68002B57
:1019700011D00B4C0B482268013B805C0B60002BA4
:1019800008D00949531C8C466244511E8A41524278
:101990001340236010BD0020FCE7C046642E0020E9
:1019A000682E0020602C002001FEFFFF024A034B3E
:1019B00012681A607047C046682E0020602E002012
:1019C00001210022044B1960044B1A60044B19607A
:1019D000044B1A607047C046A0110020602E002002
:1019E000A41100208836002070B50B4C21680B0034
:1019F0000F3B5D1EAB414A1C5B421A40074B1B6804
:101A0000934204D0064B22605854012070BD054813
:101A1000FBF728FC0020F9E7641B0020681B00206E
:101A2000541B0020042501100A4A0B491368096859
:101A300010B58B4209D00949C85C591C0F2B01D045
:101A4000116010BD00231360FBE70548FBF70AFC9B
:101A50000020F6E7681B0020641B0020541B0020B8
:101A600018250110044A054B10681B68C01A431E54
:101A70009841C0B27047C046681B0020641B00201C
:101A8000322010B5F8F764FB01210B4A13688B4331
:101A900013600122094B52427F315A500131FF310C
:101AA0005A5000F0A5FA064A064B00211A600020A1
:101AB0000022F8F78BFDFEE710E000E000E100E017
:101AC000BFEDFBFF00E0004010B52E4A5378433BCA
:101AD000DBB2262B0AD82C499B00CB589F46907826
:101AE0003038431E9841C0B2FFF718FD274C002341
:101AF000237010BDFFF73EF9244CF8E72448FFF7A8
:101B000053FC0021FFF70CF9204CF0E72048FBF7CD
:101B1000A9FB1E4CEBE7FEF7C1FF1C4CE7E71D4B92
:101B20001D481978FBF726FCFEF7B8FF174CDEE7D7
:101B30001748FFF739FC0121FFF7F2F8134CD6E7FD
:101B4000164B11689942D4D1154B91889942D0D146
:101B500093794B2BCDD101220C4B1A70C9E7114858
:101B6000FBF780FB094CC2E7084C2378002BBED062
:101B70000748FFF719FC074B187000F0A7F900F0B1
:101B8000ADF9B4E7042800206C2A0110C836002003
:101B900006280020A81100202C25011023554E4CAA
:101BA0004F43000038250110F0B5CE46474680B5BA
:101BB0001F4C91B063784E2B32D00BD8422B2BD0D8
:101BC000462B02D1A01CFEF7F5FE11B0C0BCB946F1
:101BD000B046F0BD622BF8D1164B002698461B7814
:101BE000E946032B13D900260225E94602342000DA
:101BF000FFF7DAFB37004B46D85543461B780235D2
:101C00000136EDB2013BF6B202349D42EFDB31000A
:101C10004846FFF72DF9D8E7A01CFFF74FF9D4E7A6
:101C2000A01CFFF7C1FB0100201DFEF783FECCE7DF
:101C300004280020BD360020F0B5D6464F46464663
:101C4000C0B5434C90B02378232B52D0414B22682F
:101C50009A4243D0404B22689A4252D03F4B22686E
:101C60009A4257D0FEF746FF00285BD12378212BFC
:101C700063D01A00303A092A02D9413B052B3AD8E1
:101C800063781A00303A092A02D9413B052B32D831
:101C90002000FFF789FB030081461B0650D4304B20
:101CA00098461B78032B45D900260225EA460234C4
:101CB0002000FFF779FB37005346D85543461B7881
:101CC00002350136EDB2013BF6B202349D42EFDB44
:101CD000320051464846FFF769F80CE0214BA288D4
:101CE0009A42B7D1A3796B2BB4D11F48FBF7BAFA4C
:101CF00001E0FFF7E9FE10B0E0BCBA46B146A846E5
:101D0000F0BD1A4BA2889A42A8D16420F8F720FAB5
:101D1000FFF7B6FE164BA2889A42A3D11548FBF7EF
:101D2000A1FAE8E7200000F0EFF901002000FFF73A
:101D30007BFBE0E70026EA46CAE7FFF735FFDAE774
:101D40004B467F20A11C1840FFF760F8D3E7C04640
:101D500004280020776169747265626F77686F612B
:101D6000BD36002061630000602501106F74000023
:101D70006D69000074250110F8B5FBF7D7F919203B
:101D8000F7F714FBD02380221B0692045A62FFF758
:101D9000BDF900F085F8F7F71DFA174C174D002034
:101DA000FBF7C8F9831C0CD023780A2812D0262808
:101DB00016D05A1CE85400202270FBF7BBF9831C94
:101DC000F2D1FEF797FE002812D0FFF7ADFBF7F730
:101DD0000FFAE4E70026EE54FFF72EFF2670DEE749
:101DE0000026EF5CEE54FFF727FF26702F70D6E732
:101DF000FFF78EF8EBE7C046BD3600200428002030
:101E00007047C0467047C0467047C0467047C046DE
:101E10007047C04610B50520F8F780FB014B1860ED
:101E200010BDC046A8150020D02301201B061B684A
:101E300070B5C01A00F062F9002801D000F008F96E
:101E4000144C2268EFF3108172B61368002BFCD09B
:101E5000BFF35F8F616080210F4D4901280000F0C2
:101E6000B3F9802228000D49D20000F095F90CCC7E
:101E7000BFF35F8F0021116083F31088D02301200E
:101E80001B061B68C01A00F039F9002801D000F0C9
:101E900011F970BDAC1C002000800000E41C002083
:101EA000802210B5D20005490548F9F72BFC0548FA
:101EB000F7F7B0FD0122044B1A7010BD008000102E
:101EC000E41C0020AC1C0020B8360020431E7D2BF3
:101ED00001D8014B18747047E41C0020034B10B567
:101EE0001B78002B01D0FFF79FFF10BDB8360020F4
:101EF000F0B54E46DE4657464546E0B583B0019301
:101F0000D0231B061E6881460F3630000092F7F77B
:101F100061FB071E63D18023D0241B069846B3467D
:101F2000BA462406F8F7BEF9009E019F361A8F4183
:101F3000002F45DBF8F7B6F980197941414502D306
:101F40000120294940420D000226284A236D1E42E5
:101F500041D1536A9D42F9D8976A87422DD3F8F749
:101F6000A1F9009E019F361A8F41002F28DBF8F758
:101F700099F936184F41474502D301261A4F764248
:101F8000012505E030003900F8F7FEF8002817D1E8
:101F90002A00236D1A401D42F4D0A36D9945C1D18A
:101FA00057465E469246002F10D1504603B0F0BC13
:101FB000BB46B246A946A046F0BD9D42CFD1C5E77B
:101FC000574600235E469A46002FEED0012130008E
:101FD000F7F7EEFAE9E74B46636540BFBFE700213C
:101FE0003000F7F7E5FA96E7FFFFFF7F0040054076
:101FF00070B58024124B6402124A1C60136823429D
:10200000FCD00F20F7F7E6FA002105000F20F7F7C4
:10201000CFFA00220C4B5A70D0220C4B12061C60D7
:10202000136DDB0704D4012420BF136D1C42FBD0C9
:10203000D02329000F201B069B6DF7F7B9FA70BD5E
:102040000420014004000140102C00200430014015
:10205000F8B5144B1E685F68F7F7E6F9124D0400F7
:102060002B68002B1AD02000F7F7EAF932003B006A
:10207000280000F0B9F800280CD00C4C2378002B75
:1020800009D132003B000A48FFF732FF20702800D8
:1020900000F072F8F8BDF8F74BFBF2E72800F7F70D
:1020A000ABFCE0E790250110082C0020BE36002094
:1020B0001E83A873D0B50D4B0D4C1E685F682000C1
:1020C00032003B0000F090F8002800D1D0BD320073
:1020D0003B000848FFF70CFF002802D00022064B07
:1020E0001A70200000F048F8F0E7C0469025011073
:1020F000082C0020E17C578CBE360020014B185C78
:102100007047C046102C002010B583070AD003008A
:10211000032102E001330B4205D01A78002AF9D1DD
:10212000181A10BD030019680C4A0D4C8A188A430E
:1021300022420FD15968094A04338A188A4322423D
:1021400008D15968054A04338A188A432242F1D0DB
:1021500000E001331A78002AFBD1E1E7FFFEFEFE22
:1021600080808080F8B5C04601B40248844601BC36
:10217000604700BF3D04002001B40248844601BC12
:10218000604700BFA102002001B40248844601BCA0
:10219000604700BF4110002001B40248844601BCE2
:1021A000604700BFBD03002001B40248844601BC63
:1021B000604700BF4110002001B40248844601BCC2
:1021C000604700BFC100002001B40248844601BC42
:1021D000604700BF3D03002001B40248844601BCB3
:1021E000604700BF9D01002001B40248844601BC45
:1021F000604700BF2D02002001B40248844601BCA4
:10220000604700BF210D002001B40248844601BC94
:10221000604700BF0101002001B40248844601BCB0
:10222000604700BFB10D002001B40248844601BCE4
:10223000604700BF610D002001B40248844601BC24
:10224000604700BFF90C002001B40248844601BC7D
:08225000604700BFFD040020FF
:10225800622025640A0000004525730A000000007A
:102268000A2A2A2A2050414E4943202A2A2A0A00AB
:102278000A0000004E6F207370696E6C6F636B7399
:102288002061726520617661696C61626C6500002D
:102298004E6F2075736572204952517320617265C3
:1022A80020617661696C61626C65000048617264E6
:1022B8007761726520616C61726D20256420616CA4
:1022C800726561647920636C61696D656400000002
:1022D80048617264206173736572740052656C653D
:1022E80061736500626F6F74325F773235713038B1
:1022F80030000000322E312E310000007069636F0B
:102308000000000070696564667700004175672009
:102318003239203230323500666E692B00000000F9
:10232800666E69006E616E00666E692D00000000C1
:1023380055534220737464696E202F207374646F40
:102348007574000052617370626572727920506909
:10235800000000005069636F00000000426F617266
:102368006420434443000000526573657400000014
:10237800556E68616E646C656420495251203078EE
:1023880025780A006570202530325820776173203F
:10239800616C726561647920617661696C61626CF7
:1023A8006500000043616E277420636F6E74696E68
:1023B80075652078666572206F6E20696E6163743A
:1023C8006976652065702025303258004E6F2050A0
:1023D800494F207374617465206D616368696E6527
:1023E800732061726520617661696C61626C650059
:1023F8007354253032580A0065204552524F5220F6
:102408004F4E206672616973655F70726F677261A3
:102418006D5F73746172745F747828292120636F0B
:10242800756E74203D2025640A00000065206672E0
:10243800756974206E616D6520746F6F206C6F6EA6
:10244800672120283136206368617273206D6178B6
:10245800290000004E253032582573006520545855
:102468004255462066756C6C2100000046257300B5
:102478007343303000000000736330300000000008
:1024880025303258000000007343253032580A00C6
:102498007363253032580A00383025730A0000006B
:1024A8006672616973655F6D6173746572206661D8
:1024B800696C656420746F20736574757020706929
:1024C8006F210A006520626F6F746C6F61646572BA
:1024D800206275666665722066756C6C2100000066
:1024E800625800006225630A00000000624500008F
:1024F8006C2072657472792025640A006C20626C05
:10250800647278206F766572666C6F7721000000C0
:102518006C207069706520756E646572666C6F7783
:1025280021000000734944253032580A0000000099
:1025380073562055736246726169736520506963EA
:102548006F506965642076302E31000023554E4C5B
:102558004F434B007761697461636B007265626F0A
:102568006F74000077686F616D6900007377686F3A
:10257800616D69206672616973655F6D6173746509
:102588007200000000000000FFFFFFFFFFFFFF7F59
:1025980006005250D3F07542E42201100600525052
:1025A800E182887FEC22011006005250ABB36053E1
:1025B800FC22011006005250BBFF3CB60423011058
:1025C80006005250861C03020C23011006005250CC
:1025D8005422A29D1423011005005250DE65F468B0
:1025E8006C3C011034C30010E4C20010E4C20010B7
:1025F8002CC30010E4C20010E4C20010E4C20010B2
:10260800E4C20010E4C20010E4C20010E4C20010EA
:1026180024C30010E4C200101CC30010E4C2001060
:10262800E4C2001014C30010E8C500104AC300102B
:10263800E2C500104AC30010CCC500104AC3001000
:102648004AC300104AC300104AC300104AC300100E
:102658004AC300104AC300103CC300104AC300100C
:102668004AC300104AC300104AC300104AC30010EE
:102678003CC3001070C600109EC200109EC200101D
:102688009EC200109EC200109EC200109EC2001082
:102698009EC200109EC200109EC200109EC2001072
:1026A8009EC200109EC200109EC200109EC2001062
:1026B8009EC200109EC200109EC200109EC2001052
:1026C8009EC200109EC200109EC200109EC2001042
:1026D8009EC200109EC200109EC200109EC2001032
:1026E8009EC200109EC200109EC200109EC2001022
:1026F8009EC20010FCC500103CC60010FCC50010AE
:102708009EC200109EC200109EC200109EC2001001
:102718009EC200109EC200109EC200109EC20010F1
:102728009EC200109EC200109EC200109EC20010E1
:102738009EC200109EC200109EC200109EC20010D1
:1027480010C800109EC200109EC200109EC2001049
:102758009EC200109EC200109EC200109EC20010B1
:102768009EC200109EC2001010C8001082C6001041
:1027780010C80010FCC500103CC60010FCC50010B5
:10278800000000000000F03F0000000000002440AE
:1027980000000000000059400000000000408F4089
:1027A800000000000088C34000000000006AF840F4
:1027B8000000000080842E4100000000D012634118
:1027C8000000000084D797410000000065CDCD418E
:1027D8000D0A0000000000008DD30010000000006A
:1027E80091D300109DD30010C9D30010C5D3001099
:1027F800000000000A00000000000306A600080010
:10280800020002009C001400030057494E55534231
:10281800000000000000000000008000040001002B
:1028280028004400650076006900630065004900DF
:102838006E00740065007200660061006300650048
:10284800470055004900440000004E007B0062002C
:1028580063003700330039003800630031002D0071
:1028680037003300630064002D0034006300620009
:1028780037002D0039003800620038002D0039007B
:1028880031003300610038006600630061003700E2
:102898006200660036007D0000000000050F210080
:1028A800011C100500DF60DDD88945C74C9CD26546
:1028B8009D9E648A9F00000306A600010000000098
:1028C8000600525053B4F4A1382301100000000050
:1028D8004C2301105C230110A03600206423011052
:1028E8007023011009025400030100807D080B00C9
:1028F800020202000009040000010202000405248B
:102908000020010524010001042402060524060014
:10291800010705810308001009040100020A0000EC
:102928000007050202400000070582024000000976
:1029380004020000FF00010512011002EF0201402D
:102948008A2E0A000001010203010000ACDF00101A
:1029580014E1001064E10010ECE00010FEE000104B
:10296800DCE000104CE00010F8DF0010ECDF001095
:10297800CEE40010B4E4001084E20010EEE400108D
:1029880084E200109CE4001088E4001084E2001047
:1029980074E400107AE3001084E200105AE7001093
:1029A8004CE7001040E7001084E2001084E20010B9
:1029B8002AE700104CE7001084E2001084E20010BF
:1029C80084E2001084E2001084E2001084E2001027
:1029D80084E20010E0E60010820E0020820E002043
:1029E800CC0E0020EC0E0020300F0020420F0020FB
:1029F800780E002000000000F5EC001065ED0010D6
:102A080099ED0010E5ED00108DEE001075EF001047
:102A1800000000000000000075F00010D1F0001068
:102A2800EDF0001015F100102DD400103DF200104B
:102A380000000000442A011014FF000080F0202448
:102A480028E601404306C90014C0A02001002080E8
:102A580081F0A08047A0A080EFA028FF81605006E9
:102A68008D170000FC1A0110EC1A01100C1B011044
:102A7800161B0110EC1A0110EC1A0110EC1A0110C7
:102A8800EC1A0110EC1A0110EC1A0110EC1A0110E2
:102A9800EC1A0110EC1A0110DE1A0110EC1A0110E0
:102AA8001E1B0110301B0110EC1A0110401B0110F5
:102AB8005E1B0110681B0110EC1A0110EC1A0110C2
:102AC800EC1A0110EC1A0110EC1A0110EC1A0110A2
:102AD800EC1A0110EC1A0110EC1A0110EC1A011092
:102AE800EC1A0110EC1A0110EC1A0110EC1A011082
:102AF800EC1A0110EC1A0110EC1A0110F41A01106A
:102B080098250110A4250110B0250110BC2501103D
:102B1800C8250110D4250110E0250110C82801108E
:102B280003000068EFF3108C72B60268002AFCD02C
:102B3800BFF35F8F04229A56002A04DB002900D0D5
:102B48000A60002004E0D0220120120612681A71DF
:102B58001B68BFF35F8F00221A608CF310887047E0
:102B6800F0B5C646150000B504001E000268EFF374
:102B7800108172B61368002BFCD0BFF35F8F04235B
:102B8800E356002B2DDB2268BFF35F8F0020106017
:102B980081F31088D0221206127852B290469A42D7
:102BA80003D1002080BCB846F0BD00270BE02368A5
:102BB800BFF35F8F1F6081F310882800310000F099
:102BC800A3FF0028EDD12268EFF3108172B61368D5
:102BD800002BFCD0BFF35F8F23797F2BE7D94346C7
:102BE80002E0D0231B061B6823712368BFF35F8FA5
:102BF80000221A6081F310880120D3E7F0B5C64699
:102C080000B50D00040000F04FFFFA2206000F0087
:102C1800002328000021920000F056FF8023361878
:102C28004F411B069F4202D30126174F7642D023FD
:102C38001B061B68002598460BE02368BFF35F8FCF
:102C48001D6081F310883000390000F05DFF002816
:102C580018D12268EFF3108172B61368002BFCD0EC
:102C6800BFF35F8F23797F2BE7D94346237123680E
:102C7800BFF35F8F00221A6081F31088012080BCA7
:102C8800B846F0BD0020FAE7FFFFFF7FF0B54F46DA
:102C9800D6464646C0B51F00D0231B061B68040055
:102CA8009A460023904699460CE02268BFF35F8F4E
:102CB8004946116083F310884046390000F024FF2C
:102CC80000281AD12668EFF3108372B63568002DF4
:102CD800FCD0BFF35F8F25797F2DE6D9524622714C
:102CE8002268BFF35F8F0021116083F310880120F1
:102CF800E0BCBA46B146A846F0BD0020F8E7C04699
:102D08000268EFF3108172B61368002BFCD0BFF392
:102D18005F8FFF2303710368BFF35F8F00221A6080
:102D280081F3108840BF704710B5084C2378002BFA
:102D38000AD18023064807495B051A68C250043344
:102D48008B42FAD10123237010BDC046B53600204E
:102D58006C1B00100001001010B5014B984710BD06
:102D68006D1B0020034B1A68C0239B009343024A43
:102D7800136070470C8001400C900140054B1A68A5
:102D880080239B005340C02292001340024A1360E4
:102D98007047C0460C8001400C900140F0B580237C
:102DA800D6464F464646421804000D00C0B59B0360
:102DB8009A4227D814271826388833881349984701
:102DC80033888246124938889847338881461149A2
:102DD80038889847338810498046388898470600CD
:102DE800FFF7A2FFD047C84780222900D823200038
:102DF8005202C047B047FFF7AFFFE0BCBA46B14642
:102E0800A846F0BD00F070FED4E7C0464946000071
:102E1800455800005245000046430000F8B54E46AC
:102E28004546DE4657468023E0B515008218040063
:102E380089469B039A4226D814271826388833884F
:102E48001249984733888346114938889847338808
:102E5800824610493888984733880F498046388811
:102E680098470600FFF760FFD847D0472A00494631
:102E78002000C047B047FFF76FFFF0BCBB46B24623
:102E8800A946A046F8BD00F02FFED5E74946000048
:102E98004558000052500000464300001423F0B586
:102EA800D6464F4646469A46814618880433C0B5EA
:102EB80098460E001B882649140098475346070079
:102EC8001888434623491B889847534605001888A5
:102ED800434621491B8898478046FFF725FFB84796
:102EE800A847FFF74BFF221E20D0C0210827022049
:102EF800490511E0002C14D0131B0D2B20D9002DEF
:102F08000AD02300002A05D00B6E013A3370130053
:102F180001362343002B09D03D008B6A1D4018421F
:102F2800E8D1002DEDD123001343F5D1FFF71AFFA7
:102F3800C047FFF711FFE0BCBA46B146A846F0BD4E
:102F48004B461B78013C0B6601239C46E144E8E7AD
:102F58004946000045580000464300000022154B32
:102F680010B59A60DA601A615A619A61DA611A6278
:102F78005A629A62DA621A635A639A63DA631A6463
:102F88005A649A64DA641A655A659A65DA651A6643
:102F98005A669A66DA661A675A679A67DA67F03283
:102FA80092000021044800F0A7FD044B044A1A606F
:102FB80010BDC0460000105034220020182C0020FC
:102FC80080011050F0B54E464546DE465746E0B5FE
:102FD800214B00249E6D012585B0002E22D01F4B69
:102FE8009A46012399461E4B984601E0202C19D099
:102FF8002A00230001342F003240E4B26D00002A79
:10300800F4D0524697654A465B085B0022409B18FD
:103018005B01434418009B4600F030FC002808D1AF
:10302800BE43E3D105B0F0BCBB46B246A946A046B4
:10303800F0BD5B46E0219A78DB8A01A88360002313
:10304800C900018001210271437100F037FC584624
:1030580000F0B0FBE4E7C04600001150003011500A
:10306800F42100209823F0B5C646C64A00B5D558C5
:1030780080232E009B02102484B01E401D4273D072
:10308800C14BC24C9A6AC24B00261A603B23E35CD0
:10309800022B00D1F4E07B23E35C022B00D10CE18E
:1030A800BB23E35C022B00D1FBE0FB23E35C022B98
:1030B80000D135E13C23FF33E35C022B00D122E150
:1030C8007C23FF33E35C022B00D10FE1BC23FF33E9
:1030D800E35C022B00D1FCE0FC23FF33E35C022B12
:1030E80000D1A6E1AB4BE35C022B00D196E1AA4BE1
:1030F800E35C022B00D185E1A84BE35C022B00D1F5
:1031080074E1A74BE35C022B00D163E1A54BE35CC0
:10311800022B00D12AE1A44BE35C022B00D10BE186
:10312800A24BE35C022B00D18FE1A14BE35C022BA5
:1031380000D1A6E1002E08D19E4B1B78002B04D1AC
:1031480080219D4A90338902D150C0228D4B01A81D
:103158009B6C92005B055B0D012180260280436019
:1031680000F0ACFB954CB602EB0600D57CE0802362
:103178005B021D4232D01E43012302249846834F2E
:10318800BB7E002B14D000F0CFFC012800D96FE0E3
:10319800C02200213800920100F012FB380000F034
:1031A80009FB00F0C1FC012802D9834B5C661C6650
:1031B8004346FB702037012C01D00124E0E7C023EF
:1031C80001A8DB007E4A038002AB12CA12C30121A8
:1031D80000F074FB8022784B92021A6580235B0111
:1031E8001D420ED18023DB011D4221D180231B0209
:1031F8001D422CD1AE4200D0C0E104B080BCB8461C
:10320800F0BD00241E435F4B1C60FFF7A7FE802320
:103218006A465B0093801472012101A800F04EFBFE
:103228008022654B12031A658023DB011D42DDD025
:103238001E43802301A8DB000380012100F03EFB30
:1032480010225D4B1A6580231B021D42D2D01E43FB
:10325800A02301A8DB000380012100F02FFB8022BE
:10326800554B12011A65C5E7FFF7ACFE26007EE74D
:10327800544B444A1C66536E2340A342FBD187E754
:103288003833E65C002E00D105E70233E25C002A01
:1032980000D100E7200000222030E25400F0B8FA04
:1032A800F9E6B833E75C002F00D1FEE60233E25CB2
:1032B800002A00D022E13E00F7E67833E75C002FD1
:1032C80000D1EDE60233E25C002A00D00EE13E00B8
:1032D800E6E6B933FF33E75C002F00D1FCE60233A2
:1032E800E25C002A00D0F8E03E00F5E67933FF33CF
:1032F800E75C002F00D1E9E60233E25C002A00D047
:10330800E2E03E00E2E63933FF33E75C002F00D10C
:10331800D6E60233E25C002A00D0CCE03E00CFE6DD
:10332800F833E75C002F00D1C4E60233E25C002AE0
:1033380000D0B8E03E00BDE6234BE75C002F00D18B
:10334800EEE60233E25C002A00D010E1174BE35CA2
:10335800022B00D18BE0164BE35C022B00D0F4E685
:103368001A4BE35C002B00D090E0EEE6184BE75CCC
:10337800002F00D1CFE60233E25C002A00D0EEE055
:103388003E00C8E60000115000400540F42100202E
:10339800E01C00203B0200007B020000BB02000092
:1033A800FB0200003B0300007B030000BB0300009E
:1033B800FB030000B336002000301150100002005B
:1033C80000001050002011507A030000FA0300009A
:1033D8003A0300006C4BE75C002F00D196E60233FD
:1033E800E25C002A00D0B2E03E008FE6674BE75C63
:1033F800002F00D185E60233E25C002A00D09EE06F
:103408003E007EE6624BE75C002F00D174E6023393
:10341800E25C002A00D08AE03E006DE65D4BE75C86
:10342800002F00D163E60233E25C002A77D13E0028
:103438005DE6F933FF33E75C002F00D152E6023333
:10344800E25C002A62D13E004CE6534BE35C002B61
:1034580000D16AE6EF239B00E25C002A00D17AE7FC
:103468000022E2541C3BE01800F0D2F973E74A4B03
:10347800E35C002BEED1494BE35C022B00D064E601
:103488003E00474BE35C002B00D153E6FF239B0033
:10349800E25C002A00D158E60022E2541C3BE01806
:1034A80000F0B6F951E620000022E030E2543E0078
:1034B80000F0AEF9FEE5200000222130FF30E25492
:1034C8003E0000F0A5F9FBE5200000226130FF3046
:1034D800E2543E0000F09CF9F8E520000022A130FB
:1034E800FF30E2543E0000F093F9F5E52000002299
:1034F8006030E2543E0000F08BF9D1E52000002254
:10350800A030E2543E0000F083F9CEE5200000220E
:10351800E130FF30E2543E0000F07AF9E2E50022A3
:10352800E2541C3BE01800F073F93E00DFE500228E
:10353800E2541C3BE01800F06BF93E00DCE5002289
:10354800E2541C3BE01800F063F93E00D9E5002284
:10355800E2541C3BE01800F05BF93E00D6E500227F
:10356800E2541C3BE01800F053F93E00D3E500227A
:10357800E2541C3BE01800F04BF9E7E6310009483B
:10358800694000F099FAC046FA020000BA02000049
:103598007A0200003A020000BA030000FB030000B0
:1035A800FA03000078230110F0B5D6464F46464688
:1035B800C0B50200838A008B8A46041C984200D951
:1035C8001C1CD57880262800471EB841A4B2F600F6
:1035D800264340033043012675401B1BD5705578A0
:1035E8009BB29382002D37D15146D6688D01611E5A
:1035F800761988461569002C29D006293AD933004E
:103608002B439B0736D16B1CF31A022B32D9231F8D
:103618009B0801339C4600270023E9580137F150E5
:103628000433BC45F9D8634641469B00ED18F618AB
:10363800CF1A9C4209D02B783370002F05D06B78B5
:103648007370012F01D0AB78B3701569938A2D1967
:103658001561802212021043002B02D18023DB0166
:1036680018435346002B00D00004E0BCBA46B146CC
:10367800A846F0BD0023EF5CF75401339C42FAD111
:103688001569938AE3E7C0468368F0B51B680500AF
:10369800002900D01B0C9B05980D6B78002B08D1D6
:1036A800EB8AC318EB822B8B834201D90023AB82B0
:1036B800F0BDEB688901461EB4462A695C180028EB
:1036C80027D0062E2BD901315B18D31A022B26D905
:1036D800130023439B0722D100230021061FB608AD
:1036E8000136E7580131D75004338E42F9D8634682
:1036F800B600A41992199F1BB04209D02378137001
:10370800002F05D063785370012F01D0A3789370F0
:103718002A69EB8A1218C318EB822A61C3E70023CF
:10372800E15CD15401339842FAD12A69F1E7C046E5
:1037380010B50400836800211B68FFF7A5FF6368C4
:103748001B685B0002D5238B834200D010BD01218A
:103758002000FFF799FFF9E7084A0300126C0020E0
:10376800920703D49A78D209012A00D07047D87EEC
:10377800023843425841C0B2F8E7C0460000115031
:1037880010B5FFF7E9FF00280CD00749074B8C4616
:10379800074A9B6A126863449B1A0020C6229A4211
:1037A8004041C0B210BDC046E0FCFFFF00400540EC
:1037B800E01C002000238376436103617047C04604
:1037C80010B58368002901D01C682140002A12D056
:1037D8008024E400114322420DD01A6822420CD101
:1037E800084A0A401A60084A126C920703D40C234C
:1037F800033BFDD28368196010BD8178034800F04F
:103808005BF9C046FFFBFFFF000011508C2301103D
:10381800436870B5002180251E680400FFF7C4FEC8
:10382800134B6D011B6C05439B070FD5A3785B06F3
:103838000FD0104B1E4080239B0533436268002144
:10384800136020002A00FFF7BBFF70BDA378DB09D7
:10385800EFD0A38A002BECD001212000FFF7A4FEB3
:10386800A023054ADB05324005431343E6E7C0467B
:1038780000001150FFFFFFAFFFFFFFDF70B5857E2F
:103888000400002D14D0FFF753FFA38A002B01D1A9
:10389800280070BD2000FFF773FF002803D0012324
:1038A80000252377F4E72000FFF7B2FF0025EFE7B4
:1038B8008178014800F000F9AC230110F0B5CE463C
:1038C800474680B5437805000E0085B0062B08D81A
:1038D8006C4A9B00D3589F466B4A13780133DBB27E
:1038E80013706A4B1C686269EFF3108172B6136833
:1038F800002BFCD0BFF35F8FA1612000290000F0EE
:10390800EBF86269A369BFF35F8F0021116083F34D
:103918001088002804D105B0C0BCB946B046F0BD37
:1039280032006978287800F0F7F8F4E70121584B5D
:103938001A788A431A701A7801318A431A70002259
:103948005A701A7802318A431A70CAE75149524F9D
:10395800894652490024002388463A7812E04346B3
:103968001B6861015B18002B06D0DB69002B03D0B4
:103978006968287898473A780134E4B2511C2300E2
:10398800A14217DBA242EAD89B1A5B014B44ECE741
:103998003F4B1A78D207BED504211A780A431A7009
:1039A8009FE73B4B1A78D207B5D504211A788A438A
:1039B8001A7096E7364F3B785B072BD504223B7885
:1039C800002193433B706B460632981D00F094F833
:1039D8002B7801AC2370052363702C4B1B68984629
:1039E8005A69EFF3108172B61368002BFCD0BFF34D
:1039F8005F8F434640469961210000F06DF84346C9
:103A08005A699B69BFF35F8F0021116083F31088A7
:103A1800002831D1FB78DB0700D47CE76B460A220B
:103A28000021981D00F068F82B7801AC237003235F
:103A380063706B686360154B1D686A69EFF31081EA
:103A480072B61368002BFCD0BFF35F8FA961280002
:103A5800210000F041F86A69AB69BFF35F8F00216C
:103A6800116083F31088002800D154E73200617890
:103A7800207800F051F84EE732006178207800F0A5
:103A88004BF8C7E7E0290110B4360020B81700202A
:103A980060170020FC290110B2360020B015002064
:103AA8007047C0460000000001B40248844601BCCB
:103AB800604700BFA5A2001001B40248844601BCBB
:103AC800604700BFF993001001B40248844601BC66
:103AD800604700BF81B5001001B40248844601BCAC
:103AE800604700BFC9F8001001B40248844601BC11
:103AF800604700BF31A7001001B40248844601BCEA
:103B0800604700BFF9B6001001B40248844601BC02
:103B1800604700BF89A1001001B40248844601BC77
:103B2800604700BF45DE001001B40248844601BC6E
:103B3800604700BFED930010FA000000100000007D
:103B4800000000000000010000000000000000006C
:103B58000000020000000000000000000000030058
:103B680000000000000000000000FF00000000004E
:103B780001B5486801318E46004770460938014949
:103B8800884701BDB998001000000000000000003F
:103B980000000000000000000000000018120020D3
:103BA800503300004C3300005433000052330000FF
:103BB8004D5300004D4300005334000043340000CF
:103BC80001D60010B1D5001021D5001099D40010ED
:103BD8000000000000010000BC17002010000C00CD
:103BE80000000000000000000000000000000000CD
:103BF80000000000FF000000FFFFFFFF01000000C1
:103C080001000000010000000100000000000000A9
:103C180000000000000000000000000065A7001080
:103C280091A70010DDA80010E9B600107DAF0010C4
:103C380059B6001005A80010ADA70010CDA70010B8
:103C4800E1A70010A9990010E9A70010719D0010C4
:103C58002DA700108D950010B191001045D90010C6
:043C6800151E011014
:04000005100090E96E
:00000001FF
